-- MariaDB dump 10.19  Distrib 10.4.24-MariaDB, for Win64 (AMD64)
--
-- Host: localhost    Database: test
-- ------------------------------------------------------
-- Server version	10.4.24-MariaDB

/*!40101 SET @OLD_CHARACTER_SET_CLIENT=@@CHARACTER_SET_CLIENT */;
/*!40101 SET @OLD_CHARACTER_SET_RESULTS=@@CHARACTER_SET_RESULTS */;
/*!40101 SET @OLD_COLLATION_CONNECTION=@@COLLATION_CONNECTION */;
/*!40101 SET NAMES utf8mb4 */;
/*!40103 SET @OLD_TIME_ZONE=@@TIME_ZONE */;
/*!40103 SET TIME_ZONE='+00:00' */;
/*!40014 SET @OLD_UNIQUE_CHECKS=@@UNIQUE_CHECKS, UNIQUE_CHECKS=0 */;
/*!40014 SET @OLD_FOREIGN_KEY_CHECKS=@@FOREIGN_KEY_CHECKS, FOREIGN_KEY_CHECKS=0 */;
/*!40101 SET @OLD_SQL_MODE=@@SQL_MODE, SQL_MODE='NO_AUTO_VALUE_ON_ZERO' */;
/*!40111 SET @OLD_SQL_NOTES=@@SQL_NOTES, SQL_NOTES=0 */;

--
-- Table structure for table `areas`
--

DROP TABLE IF EXISTS `areas`;
/*!40101 SET @saved_cs_client     = @@character_set_client */;
/*!40101 SET character_set_client = utf8 */;
CREATE TABLE `areas` (
  `id` int(11) NOT NULL AUTO_INCREMENT,
  `nomArea` varchar(45) NOT NULL,
  PRIMARY KEY (`id`)
) ENGINE=InnoDB AUTO_INCREMENT=5 DEFAULT CHARSET=utf8mb4;
/*!40101 SET character_set_client = @saved_cs_client */;

--
-- Dumping data for table `areas`
--

LOCK TABLES `areas` WRITE;
/*!40000 ALTER TABLE `areas` DISABLE KEYS */;
INSERT INTO `areas` VALUES (1,'ADMINISTRACIÓN, NEGOCIOS Y SERVICIOS'),(2,'EDUCACIÓN Y SOCIAL'),(3,'SALUD'),(4,'TECNOLOGICA');
/*!40000 ALTER TABLE `areas` ENABLE KEYS */;
UNLOCK TABLES;

--
-- Table structure for table `carreras`
--

DROP TABLE IF EXISTS `carreras`;
/*!40101 SET @saved_cs_client     = @@character_set_client */;
/*!40101 SET character_set_client = utf8 */;
CREATE TABLE `carreras` (
  `id` int(11) NOT NULL AUTO_INCREMENT,
  `carrera` varchar(255) NOT NULL,
  `area` int(11) NOT NULL,
  PRIMARY KEY (`id`)
) ENGINE=InnoDB AUTO_INCREMENT=22 DEFAULT CHARSET=utf8mb4;
/*!40101 SET character_set_client = @saved_cs_client */;

--
-- Dumping data for table `carreras`
--

LOCK TABLES `carreras` WRITE;
/*!40000 ALTER TABLE `carreras` DISABLE KEYS */;
INSERT INTO `carreras` VALUES (1,'TNS en Turismo y Hotelería',1),(2,'TNS en Logística',1),(3,'TNS en Administracion Pública',1),(4,'TNS en Contabilidad General',1),(5,'TNS en Computacion e Informatica con Especialidad en Ciberseguridad',1),(6,'TNS en Comercio Exterior',1),(7,'TNS en Agrícola',1),(8,'TNS en Gastronomía Internacional',1),(9,'TNS en Administración de Empresas',1),(10,'TNS en Operaciones Portuarias',1),(11,'TNS en Educacion Parvularia con Mencion en Estragias Curriculares',2),(12,'TNS en Trabajo Social',2),(13,'TNS en Odontología',3),(14,'TNS en Química y Farmacia',3),(15,'TNS en Enfermeria',3),(16,'TNS en Electricidad',4),(17,'TNS en Mantencion Industrial Con Especialidad En Equipos Moviles Y Control de Procesos',4),(18,'TNS en Mecánica Automotriz',4),(19,'TNS en Instrumentacion, Electronica y Control Industrial',4),(20,'TNS en Operaciones Mineras',4),(21,'TNS en Construccion',4);
/*!40000 ALTER TABLE `carreras` ENABLE KEYS */;
UNLOCK TABLES;

--
-- Table structure for table `data`
--

DROP TABLE IF EXISTS `data`;
/*!40101 SET @saved_cs_client     = @@character_set_client */;
/*!40101 SET character_set_client = utf8 */;
CREATE TABLE `data` (
  `codigo` int(4) DEFAULT NULL,
  `nom` varchar(25) CHARACTER SET utf8 COLLATE utf8_spanish_ci DEFAULT NULL,
  `ape` varchar(31) CHARACTER SET utf8 COLLATE utf8_spanish_ci DEFAULT NULL,
  `sede` varchar(20) CHARACTER SET utf8 COLLATE utf8_spanish_ci DEFAULT NULL,
  `carrera` varchar(34) CHARACTER SET utf8 COLLATE utf8_spanish_ci DEFAULT NULL,
  `rut` varchar(12) DEFAULT NULL
) ENGINE=InnoDB DEFAULT CHARSET=utf8;
/*!40101 SET character_set_client = @saved_cs_client */;

--
-- Dumping data for table `data`
--

LOCK TABLES `data` WRITE;
/*!40000 ALTER TABLE `data` DISABLE KEYS */;
INSERT INTO `data` VALUES (2607,'Axel Freddy','Pacheco Maldonado','Viña del Mar','Mantencion Industrial','17.354.785-4'),(2606,'Juan Ignacion','Aravena Toro','La calera','Gastronomia internacional','18.660.660-4'),(2605,'Gina Abigail','Fernandez Alviña','La calera','Gastronomia internacional','19.726.555-8'),(2604,'Evelyn','Figueroa Romo','La calera','Gastronomia internacional','16.302.470-5'),(2592,'Jose Alfredo','Yañez Pozo','Viña del Mar','Construccion','19.015.400-9'),(2591,'Johnatan Cristofer','Castillo Carvajal','La calera','operaciones Mineras','17.214.796-8'),(2590,'Yasna Alicia','Salazar Carrasco','Central - Valparaiso','Prevencion de Riesgos Industriales','17.160.598-9'),(2589,'Guillermo','Bastian Riveros','Viña del mar','Mantencion Industrial','17.976.641-8'),(2588,'Gaston Marcelo','Vargas Contreras','Central - Valparaiso','Contabilidad general','12.748.606-9'),(2587,'Rodolfo Javier','Gonzalez Correa','Central - Valparaiso','Contabilidad general','18.567.795-8'),(2586,'Carlos Ignacio Agustin','Muñoz Mariscal','La calera','Electricidad','16.330.482-1'),(2585,'Francesca Daniela','Bernal Astudillo','La calera','Prevencion de riesgos industriales','19.047.666-9'),(2584,'Marcelo Esteban','Cortes Saavedra','La calera','operaciones Mineras','17.618.322-5'),(2583,'Paulina Andrea','Guerra Navarro','Central - Valparaiso','Prevencion de riesgos Industriales','16.754.935-7'),(2582,'Manuel Gonzalo','Nuñez Campos','La calera','Prevencion de riesgos Industriales','9.058.815-k'),(2581,'Agustin Ignacion','Ramirez olivares','La calera','Prevencion de riesgos Industriales','19.447.134-3'),(2580,'German Andre','Gonzalez Martinez','Viña del mar','operaciones mineras','19.193.774-0'),(2579,'Cesar Andres','Fuentes Molina','Viña del mar','Mantencion industrial','13.753.407-k'),(2578,'Francisco Manuel','Benito Sanchez','Viña del Mar','Mantencion industrial','13.993.327-3'),(2577,'Francis Alejandra','Lopez Arancibia','La calera','Prevencion de Riesgos Industriales','19.447.510-1'),(2576,'Francisco Antonio','Arancibia Sanduay','La calera','Electricidad','16.400.308-6'),(2575,'Victor Hugo','Barahona Jerez','La calera','Electricidad','15.999.771-5'),(2574,'Mario Andres','Maturana Brito','La calera','Electricidad','15.682.630-8'),(2573,'Daniel Eduardo','Araya Riffo','Central - Valparaiso','Electricidad','16.107.105-6'),(2572,'Johann Samuel','Kimer Espinoza','Central - Valparaiso','Logistica','10.777.550-1'),(2571,'Alyson Yazmin','Marin Zulen','Central - Valparaiso','Logistica','19.329.822-2'),(2560,'Sergio Hernan','Toledo Silva','La calera','Fruticola','18.510.774-4'),(2559,'Monica Cecilia','Fernandez Baeza','La calera','Prevencion de Riesgos Industriales','11.436.947-0'),(2558,'Miguel Angel','Latorre Perez','La calera','operaciones Mineras','16.058.398-3'),(2557,'Jimmy Patricio','Rivera Flores','La calera','Prevencion de Riesgos Industriales','17.688.304-9'),(2556,'Veronica Janet','Carvajal Castillo','Central - Valparaiso','Logistica','13.024.037-2'),(2555,'Franco Leonel','Alarcon Faundez','Central - Valparaiso','Logistica','18.704.460-k'),(2554,'Constanza Del Carmen','Hernandez Flores','Central - Valparaiso','Logistica','17.790.220-9'),(2553,'Romulo Francisco','Torres Rivero','Central - Valparaiso','Logistica','19.011.798-7'),(2552,'Jose Reinaldo','Marmolejo Calquin','Central - Valparaiso','Logistica','18.677.011-0'),(2551,'Bryan Mauricio','Acuña Hormazabal','La calera','Gastronomia Internacional','19.395.521-5'),(2550,'Isabel Margarita','Zubicueta Araneda','La calera','Gastronomia Internacional','13.331.761-9'),(2509,'Fabiola Nataly','Cofre Maturana','La calera','Prevencion de Riesgos Industriales','16.755.776-7'),(2508,'Yomara Soledad','Briones Carrasco','La calera','Contabilidad General','19.214.204-0'),(2507,'Ricardo Samuel','Perez Godoy','La calera','Prevencion de Riesgos Industriales','15.682.939-0'),(2506,'Cristian Rodrigo','Muñoz Aguilera','Central - Valparaiso','Prevencion de Riesgos Industriales','18.272.805-5'),(2505,'Esteban Antonio','Saavedra Malvino','La calera','Prevencion de Riesgos Industriales','17.954.490-3'),(2504,'Marco Antonio','osorio Rojas','Central - Valparaiso','Prevencion de Riesgos Industriales','12.609.970-3'),(2503,'Ana Magdalena','Tabilo Heavey','La calera','Prevencion de Riesgos Industriales','16.212.435-8'),(2502,'Tania Yarixa','Cornejo Gonzalez','La calera','Administracion de Empresas','17.272.765-4'),(2501,'Victoria Melissa','Jara Zamora','La calera','Administracion de Empresas','19.395.392-1'),(2500,'Carolina Paz','Hinojosa Bernal','Central - valparaiso','Administracion de Empresas','18.996.886-8'),(2499,'Alejandra Del Pilar','Bustamante Melo','Central - valparaiso','Administracion de Empresas','17.534.584-1'),(2498,'Yaritza del Carmen','Venegas Tapia','Central - Valparaiso','Adminstracion de Empresas','18.568.298-6'),(2497,'Elias Andres','Neira Duran','Central - Valparaiso','Administracion de Empresas','19.015.483-1'),(2496,'Natacha Andrea','Cancino Muñoz','Viña del Mar','Educacion Parvularia','19.015.718-0'),(2495,'Cecilia Ventura','Riveros Gonzalez','Viña del Mar','Educacion Parvularia','19.340.990-3'),(2494,'Alejandro Esteban','Celedon Castelli','Central - Valparaiso','Electricidad','13.851.905-8'),(2493,'Gabriela Carolina','Cuevas Miranda','Viña del Mar','Turismo y Hoteleria','19.014.628-6'),(2492,'Pablo Andres ','Medina Aguilar','Viña del Mar','Turismo y Hoteleria','13.366.123-9'),(2491,'Catalina Paz','Ramos Alarcon','Viña del Mar','Turismo y Hoteleria','19.182.419-9'),(2490,'Pablo Esteban','Diaz Plaza','Quillota','Analista Programador en Computacio','10.049.301-6'),(2489,'Jaan Alfonso','Bravo Solar','Quillota','Analista Programador en Computacio','19.252.236-6'),(2488,'Mario Andres','Araya Rojas','Quillota','Analista Programador en Computacio','17.978.853-5'),(2487,'Luz Maria','Malvino Vergara','La Calera','Adminstracion de Empresas','13.542.234-5'),(2486,'Monica Pilar','Petroschki Colipe','La Calera','Adminstracion de Empresas','11.092.419-7'),(2485,'Jaime Claudio','Marin Vallejos','La Calera','Administracion de Empresas','10.473.061-2'),(2484,'Victor Hugo ','Gibert Sanchez','La Calera','Contabilidad General','9.474.220-k'),(2483,'Patricia Alejandra','Astudillo Rodriguez','Viña del Mar','Administracion de Empresas','12.400.038-6'),(2482,'Elizabeth Carola','Yañez Alvarado','Central - Valparaiso','Contabilidad General','15.208.036-0'),(2481,'Anisia Dayana','Acevedo Suazo','La Calera','Administracion de Empresas','15.949.925-1'),(2480,'Jorge Andres','Amaya Lagos','La Calera','Administracion de Empresas','18.257.585-2'),(2479,'Ricardo Mauricio','olivares Meneses','La Calera','Administracion de Empresas','14.421.076-1'),(2478,'Yokasta Estrella','ojeda Estay','La Calera','Educacion Parvularia','18.510.347-1'),(2477,'Cristian Andres','Miranda Ramirez','La Calera','Agricola','18.509.987-3'),(2476,'Rodrigo Diego','Garcia Gomez','La Calera','Produccion Fruticola','17.619.085-k'),(2475,'Armando Alejandro','Estay Aspee','Central - Valparaiso','Prevencion de Riesgos Industriales','7.968.874-6'),(2474,'Nadia Ana','Castillo Vargas','Central - Valparaiso','Contabilidad General','15.071.223-8'),(2473,'Francisca Jose','Vargas Baez','La Calera','Administracion de Empresas','18.519.142-7'),(2472,'Carla Macarena','Barraza Castillo','La Calera','Gastronomia Internacional','16.502.544-3'),(2471,'Maria Angelica','orrego Veas','La Calera','Gastronomia Internacional','14.236.861-7'),(2470,'Nelson Rudy','Venegas Miranda','Viña del Mar','Gastronomia Internacional','13.997.549-9'),(2469,'Claudia Elena ','Fuentes Arredondo','La Calera','Gastronomia Internacional','15.825.279-1'),(2468,'Lorena Patricia ','Quiroga Pincheira','La Calera','Gastronomia Internacional','11.898.983-k'),(2414,'Daniela Margot','Leon Norambuena','Viña del mar','Educacion parvularia','19.470.459-3'),(2413,'Claudia Macarena','Figueroa Peña','Central - Valparaiso','Contabilidad general','18.916.453-k'),(2412,'Barbara Escarlen','Covian Diaz','Viña del Mar','Educacion Parvularia','17.944.843-2'),(2411,'Daniela Alejandra','Delgado Briones','La calera','Prevencion de Riesgos Industriales','19.447.091-6'),(2410,'Francisco Delicio','Castro ortega','La calera','Administracion de Empresas','18.878.637-5'),(2409,'Ayllin Damaris','Brevis Bustamante','Central - Valparaiso','operaciones Portuarias','18.997.071-4'),(2408,'Carlos Alberto','Ponce Galleguillos','Central - Valparaiso','operaciones Portuarias','19.178.892-3'),(2407,'Macarena Andrea','Vergara Vergara','La calera','Educacion parvularia','18.511.576-3'),(2406,'Ismelda Elizabeth','Rojas Araos','Viña del mar','Administracion de Empresas','12.396.036-k'),(2405,'Aylin Dayan','Saavedra Lazo','La calera','Educacion Parvularia','19.394.647-k'),(2404,'Mauricio Alejandro','Rojas Gaete','La calera','Administracion de Empresas','16.000.524-6'),(2403,'Pablo Andres','olivares Soto','Quillota','Administracion de Empresas','17.210.273-5'),(2402,'Camila Andrea','Zapata Parraguez','Quillota','Administracion de Empresas','19.625.414-5'),(2401,'Katherine Franchesca','Hidalgo orellana','Viña del Mar','Educacion Parvularia','18.035.283-k'),(2400,'Catalina Fernanda','Cisternas Azocar','Viña del Mar','Educacion Parvularia','18.998.478-2'),(2399,'Aquiles Alejandro','Acosta Rodriguez','Quillota','Electricidad','18.255.560-6'),(2398,'Rossana Marcela','Figueroa Martinez','La Calera','Administracion de Empresas','14.467.219-4'),(2397,'Radmila del Carmen','Mikanovic Najsl','La Calera','Administracion de Empresas','5.138.511-k'),(2396,'Ingrid Carolina ','Arancibia Fernandez ','La Calera','Admnistracion de Empresas','16.888.714-0'),(2395,'Joel Esteban','Diaz Valenzuela','La Calera','Admnistracion de Empresas','13.189.112-1'),(2394,'Javiera Mavet','Robledo Araya','Quillota','Agricola','19.049.159-5'),(2393,'Henry Antonio','Havliczek Cabrera','Quillota','Administracion de Empresas','10.998.248-2'),(2392,'Matias Nicolas','Cerda','Quillota','Administracion de Empresas','20.344.203-3'),(2391,'Tamara Romanett','ortiz Rodriguez','Quillota','Admiinstracion de Empresas','19.395.410-3'),(2390,'Irma Paulina ','Ibacache Herrera','Quillota','Agricola','19.394.037-4'),(2389,'Mario Antonio','ojeda Valencia','Quillota','Agricola','19.048.247-2'),(2388,'Mariluz Roxana','Caceres Cabrera','Quillota','Prevencion de Riesgos Industriales','15.817.631-9'),(2387,'Eduardo Enrique','Muñoz Gaete','Quillota','Prevencion de Riesgos Industriales','16.821.689-0'),(2386,'Yamiler Patricia','Videla Puebla','Quillota','Prevencion de Riesgos Industriales','17.688.604-8'),(2385,'Franco Alfonso','olivares Carrasco','Quillota','Prevencion de Riesgos Industriales','19.048.270-7'),(2384,'Alexis Eduardo ','olivera Figueroa','Viña del Mar','operaciones Mineras','14.574.729-5'),(2383,'Guiselle Teresa','Rivera Rocco','Central - Valparaiso','operaciones Mineras','18.511.920-3'),(2382,'Alfredo Andres','Riquelme Godoy','La Calera','Prevencion de Riesgos Industriales','17.688.825-3'),(2381,'Soledad Cecilia','Retamal Troncoso','Quillota','Educacion Parvularia','17.467.204-0'),(2380,'Fernanda Patricia','Cid Cisterna','Quillota','Educacion Parvularia','18.878.690-1'),(2379,'Nicol Belen','Valdivia Morales','Quillota','Agricola','19.447.187-4'),(2378,'Cesar Fabian','Moya olivares','Quillota','operaciones Mineras','13.187.920-2'),(2377,'Sebastian Eduardo','Monroy Paez','Quillota','Administracion de Empresas','15.772.334-0'),(2376,'Andreina Valentina','Fuentes Rodriguez','Quillota','Educacion Parvularia','19.393.670-9'),(2375,'Benjamin Alfredo','Riveros Riveros','Quillota','Construccion','17.823.076-k'),(2357,'osvaldo Alonso','Abarca Urbina','Quillota','Prevencion de Riesgos Industriales','13.880.955-2'),(2356,'Daniela Jacinta','Montenegro Rozas','Quillota','Prevencion de Riesgos Industriales','16.917.717-1'),(2355,'Blanca Esther Frida','Vicencio Silva','Quillota','Contabilidad General','18.660.066-5'),(2354,'Barbara Estefany','Fernandez Cardenas','Quillota ','Contabilidad General','19.395.565-7'),(2353,'Andres Alberto','Estay olivares','Quillota','Contabilidad General','12.951.849-9'),(2352,'Lorena ','Friz Saavedra','Quillota','Contabilidad General','21.105.853-0'),(2351,'Constanza Macarena','Apablaza Laara','Quillota','Contabilidad General','18.510.559-8'),(2350,'Patricio Andres','Gonzalez Castro','Quillota ','Agricola','13.633.763-7'),(2349,'Elizabeth del Carmen','Pallauta Muñoz','Quillota','Prevencion de Riesgos Industriales','17.654.465-1'),(2348,'Camia del Pilar','Pallauta Muñoz','Quillota','Prevencion de Riesgos Industriales','19.213.668-7'),(2347,'Victoria Paz','Silva Berrios','Quillota','Prevencion de Riesgos Industriales','18.031.282-k'),(2346,'Cristhian Fernando','Araya Gapuz','Quillota','Prevencion de Riesgos Industriales','15.780.123-6'),(2345,'Francisca Alejandra','Gonzalez Lopez','Quillota','Prevencion de Riesgos Industriales','18.511.394-9'),(2344,'Yaritza Andrea','Hormazabal Podea','Quillota','Educacion Parvularia','18.079.042-9'),(2343,'Miguel Esteban','Gallo Vasquez','Quillota','operaciones Mineras','16.820.624-0'),(2342,'Nubian Erna','avalos avalos','Quillota','Prevencion de Riesgos Industriales','15.785.469-0'),(2341,'Edward Fabian ','Pasten Pasten','Viña del Mar','Electricidad','15.785.312-0'),(2340,'Alejandra Andrea','Donoso Farias','La Calera','Contabilidad General','16.058.937-k'),(2339,'Sandro Chistopher','Alicera Alicera','La Calera','operaciones Mineras','16.058.126-3'),(2338,'Sebastian Alejandro','Muñoz Bernal','La Calera','Contabilidad General','16.288.467-0'),(2337,'Scarlett Paulete','Brunod olivares','La Calera','Prevencion de Riesgos Industriales','12.689.983-1'),(2336,'Jose Miguel','Fernandez Gallardo','Viña del Mar','Mantencion Industrial','12.036.933-4'),(2335,'Alejandro Antonio','Hernandez Naipio','Viña del Mar','Mantencion Industrial','17.022.818-9'),(2334,'Jose Luis','Gomez Aranda','Viña del Mar','Mantencion Industrial','11.830.468-3'),(2333,'Milko Alejandro','Fernandez Valenzuela','Central - Valparaiso','operaciones Mineras','17.163.280-3'),(2332,'Eduardo Eugenio','Perez Perez','Viña del Mar','Mantencion Industrial','17.791.457-6'),(2331,'Camila Ignacia','Nuñez Vera','La Calera','Contabilidad General','18.659.110-0'),(2330,'Camila Debora Carolina','Figueroa Roco','La Calera','Administracion de Empresas','19.048.961-2'),(2329,'Erica Paola','Gaete Campos','La Calera','Prevencion de Riesgos Industriales','11.945.076-4'),(2328,'Camila Abigail','Navarro Hernandez','La Calera','operaciones Mineras','19.395.135-k'),(2327,'Marcelo Pablo','Gonzalez Maldonado','La Calera','Construccion','18.870.707-6'),(2326,'Francisco Javier','Ardiles Donoso','La Calera','Construccion','17.388.585-7'),(2325,'Jose Manuel','Rodriguez Cueto','La Calera','Construccion','16.890.737-0'),(2324,'Sebastian Alejandro','Bustamente Rojo','La Calera','Construccion','19.214.226-1'),(2323,'Miguel Augusto','Astudillo Canelo','Quillota','Construccion','19.394.974-6'),(2322,'Camila Eugenia ','Carvajal Lopez','Quillota','Construccion','19.049.004-1'),(2321,'Jaime Cristian','Cortes Vargas','Quillota','Prevencion de Riesgos Industriales','13.331.691-4'),(2320,'Jonathan Eduardo','Hayden Contreras','La Calera','Administracion de Empresas','16.483.347-k'),(2319,'Javier Jesus','Cardenas Echeverria','Central - Valparaiso','operaciones Portuarias','19.404.042-3'),(2318,'Francisco Javier','Zuñiga Valenzuela','Central - Valparaiso','operaciones Portuarias','18.817.918-5'),(2317,'Eduardo Andre','Gonzalez Cespedes','Central - Valparaiso','operaciones Portuarias','17.143.398-3'),(2316,'Belen Tabita','Montero Necuñir','Central - Valparaiso','operaciones Portuarias','19.328.951-7'),(2315,'Humberto Alejandro','Herrera Perez','Viña del Mar','Mantencion Industrial','19.327.491-9'),(2314,'Gonzalo Israel','Gonzalez Brown','Quillota','Administracion de Empresas','16.925.537-7'),(2313,'Katherine Roxana','Seura Ahumada','Quillota','operaciones Portuarias','18.659.456-8'),(2312,'Rodrigo Alexander','Chacana Encina','Quillota','Construccion','19.548.640-9'),(2311,'Jonathan Andres','oradini Maturana','Quillota ','Administracion de Empresas','18.256.585-7'),(2310,'Estivaly Vanessa','Gonzalez Bernal','Quillota','Administracion de Empresas','16.287.521-3'),(2309,'Alicia Damary','Gonzalez Pinares','Quillota','Administracion de Empresas','13.188.466-4'),(2308,'Sebastian Cristobal','Gonzalez Toro','Quillota','Administracion de Empresas','15.882.555-7'),(2307,'Leticia Andrea','Flores Yorda','Quillota','Prevencion de Riesgos Industriales','8.823.329-8'),(2306,'Natalia Alejandra','Molina Urra','Viña del Mar','Educacion Parvularia','19.380.213-3'),(2305,'Paola Andrea','Delgado Marciel','Viña del Mar','Educacion Parvularia','12.124.515-9'),(2304,'Valeria Fernanda','Pineda Calbuque','La Calera','Administracion de Empresas','17.963.240-3'),(2303,'Erick Bastian','Carvajal Montenegro','La Calera','Prevencion de Riesgos Industriales','15.719.465-8'),(2302,'Madelyne Yerca','Velez Henriquez','Viña del Mar','Prevencion de Riesgos Industriales','16.331.044-9'),(2301,'Estefania Belen','Torres Caneo','Viña del Mar','Prevencion de Riesgos Industriales','16.887.782-k'),(2300,'Adolfo Enrique','Abarza Zamora','La Calera','Prevencion de Riesgos Industriales','9.140.564-4'),(2299,'Claudio David','Luscich Rojas','Central - Valparaiso','Administracion de Empresas','13.878.849-0'),(2298,'Paula Vicentina ','Santibañez Leiva','La Calera','Prevencion de Riesgos Industriales','16.400.278-7'),(2297,'Marco Antonio','Jara Balbontin','Viña del Mar','Construccion','10.848.978-2'),(2296,'Natalya Anais','Zuñiga Muñoz','La Calera','Contabilidad General','19.447.242-0'),(2295,'Claudia Andrea','Trigo Muñoz','La Calera','Administracion de Empresas','19.548.713-8'),(2294,'Juan Guillermo','Brito Gajardo','Quillota','Construccion','17.634.496-2'),(2293,'Maritza Catalina','Acosta Vicencio','Quillota','Educacion Parvularia','15.063.621-3'),(2292,'Claudia Alejandra','Vicencio Gutierrez','Central - Valparaiso','Logistica','16.487.028-6'),(2291,'Karim Micaela','Trigo Muñoz','La Calera','Prevencion de Riesgos Industriales','19.548.712-k'),(2290,'Valentina Fernanda','olmos Ruiz','La Calera','Prevencion de Riesgos Industriales','19.447.750-3'),(2289,'Ana Camila','Ramos olave','Quillota','Agricola','18.659.750-8'),(2288,'Cynthia Paola','Maldonado Ayala','Quillota ','Administracion de Empreas','10.791.513-3'),(2287,'Veronica Florencia','Bahamondes Garcia','Quillota ','Administracion de Empresas','11.516.570-4'),(2286,'Lorena Alejandra','Rubilar Gonzalez','Quillota','Administracion de Empresas','17.634.851-8'),(2285,'Peter Andy','Aguilera Tello','Quillota','Construccion','17.162.565-3'),(2284,'Matias Lorenzo','Flores Araya','Quillota','Construccion','17.387.942-3'),(2283,'Eduardo Andres','Valenzuela olivares','Quillota','Administracion de Empresas','16.287.452-7'),(2282,'Jonathan Ismael','Cuevas Gonzalez','Quillota','Administracion de Empresas','17.635.487-9'),(2281,'Elena del Carmen','Maturana Toro','Quillota ','Administracion de Empresas','13.540.964-2'),(2280,'Elizabeth del Carmen','Sepulveda Escobar','Central - Valparaiso','Comercio Exterior','16.104.818-6'),(2279,'Fabian Eduardo','ortiz Pino','Central - Valparaiso','Transporte','18.269.136-4'),(2278,'Diego Bernabe','Marchant Deila','Central - Valparaiso','Comercio Exterior','19.326.708-4'),(2277,'Guzmarie Jose ','Rios Jeldes','La Calera','operaciones Portuarias','16.890.117-8'),(2276,'Paulina Cristina','orrego Pretendon','La Calera','Construccion','16.886.131-1'),(2275,'Margarita del Rosario','Muñoz Hermosilla','La Calera','Prevencion de Riesgos Industriales','11.388.633-1'),(2274,'Milenko Esteban','Rojas Abrigo','Viña del Mar','Mantencion Industrial','16.034.963-8'),(2273,'Alicia del Carmen','Acuña Ahumada','Viña del Mar','Administracion de Empresas','8.014.973-5'),(2272,'Moira Cecilia','Yañez Molina','Quillota','operaciones Mineras','19.395.552-5'),(2271,'Javiera Margoth','Pizarro Irribarra','Quillota','Educacion Parvularia','19.395.420-0'),(2270,'Rodrigo Humberto','Miranda Arevalo','Viña del Mar','Prevencion del Riesgos Industriale','12.169.302-k'),(2269,'Jean Paul Giulano','Fuentes Astorga','La Calera','Construccion','13.983.141-1'),(2268,'Karla Yesenia ','Caicedo Gonzalez','Quillota','Construccion','22.106.984-6'),(2267,'Constanza Belen','Martinez Valencia','Quillota','Construccion','19.663.601-3'),(2266,'Cristian Hernan','Arancibia Segovia','Quillota','Construccion','16.821.132-5'),(2265,'Giselle del Carmen','oñate Escobar','Viña del Mar','Turismo y Hoteleria','16.664.450-k'),(2264,'Andrea Isabel','Herrera Herrera','Quillota','Prevencion de Riesgos Industriales','15.832.451-2'),(2263,'Juan Ignacio','Arancibia Vivanco','La Calera','Prevencion de Riesgos Industriales','18.659.620-k'),(2262,'Alejandro Andres ','Mendez Vergara','Viña del Mar','Prevencion de Riesgos Industriales','17.119.434-2'),(2261,'Francisco ','Jimenez Alcantara','Quillota','Analista Programador','15.682.459-3'),(2260,'Alejandro ','Briones Perez','Quillota','Analista Programador','13.541.175-2'),(2259,'Alexis','Cisterna Espinoza','Quillota','Analista Programador','13.983.556-5'),(2258,'Claudia Andrea','Leiva Torreblanca','Quillota','Construccion','17.634.218-8'),(2257,'Alex Brandon','Moreno Arancibia','La Calera','Construccion','19.049.140-4'),(2256,'Marcelo Alejandro','opazo Galdame','La Calera','Prevencion de Riesgos Industriales','13.614.081-7'),(2255,'Marcela Andrea','Baez Johnson','La Calera','Prevencion de Riesgos Industriales','13.651.417-2'),(2254,'Francisco Javier','Miranda Lizana','La Calera','Prevencion de Riesgos Industriales','13.947.441-4'),(2253,'Claudio Andres','Cataldo ordenes','Viña del Mar','Prevencion de Riesgos Industriales','13.754.629-9'),(2252,'Mauricio Andres','Chaufleur Cespedes','Viña del Mar','Mantencion Industrial','16.288.352-6'),(2251,'Jordan Andres','Hidalgo Soto','Quillota','Construccion','19.048.536-6'),(2250,'Jordan Ricardo','Alegre Catalan','Quillota','Construccion','18.421.579-9'),(2249,'Marcelo Javier','Guerrero Pallacan','Central - Valparaiso','Electricidad','16.182.872-6'),(2248,'Enzo Javier','Urra Flores','Quillota','Construccion','13.542.714-4'),(2247,'Lesly Constanza','Muñoz Silva','Quillota','Construccion','19.435.343-k'),(2246,'Andrea Alejandra','Medina Gonzalez','Viña del Mar','Educacion Parvularia','16.487.630-6'),(2245,'Alexandra Cecilia','Fuentes Aranda','Central - Valparaiso','operaciones Mineras','19.154.599-0'),(2244,'Sonia Natalia ','Toledo','Viña del Mar','Educacion Parvularia','14.611.593-4'),(2243,'Juan Jose','Veragua Huenumil','Central - Valparaiso','Construccion','16.331.788-5'),(2242,'Helen','Alberti Araya','Viña del Mar','Construccion','10.834.670-1'),(2241,'Tamar Varinia','Yañez Lopez','Central - Valparaiso','Comercio Exterior','17.474.520-k'),(2240,'Jaison Jesus','Maureira ortega','Central - Valparaiso','Logistica','18.705.145-2'),(2239,'Natalia del Pilar','Maturana Vera','La Calera','Contabilidad General','15.521.559-3'),(2238,'Daniela Andrea','Briones Venenciano','La Calera','Prevencion de Riesgos Industriales','18.511.444-9'),(2237,'Luis Alberto ','Maldonado Menaez','La Calera','operaciones Mineras','19.393.619-9'),(2236,'Carolina Paz','Riffo Mercado','Central - Valparaiso','Administracion de Empresas','16.813.010-4'),(2235,'Luisa Ines','Tolosa Aillapan','Viña del Mar','Administracion de Empresas','16.501.248-8'),(2234,'Claudia Francisca ','Catalan Salas','Viña del Mar','Construccion','9.790.068-k'),(2233,'Esteban Francisco','Diaz Araya','La Calera','Construccion','18.658.705-7'),(2232,'Eduardo Alfredo Ramon','Sanchez Lopez','Viña del Mar','Mantencion Industrial','12.623.192-k'),(2231,'Marco Antonio','Cadiu Cadiu','Viña del Mar','Mantencion Industrial','15.083.775-8'),(2230,'Luis Alberto','Nuñez Lucero','Viña del Mar','Mantencion Industrial','16.499.438-4'),(2229,'Cristian Alejandro','Leon Ahumada','Viña del Mar','Mantencion Industrial','13.227.576-9'),(2228,'Luis Esteban ','Guerrero Gonzalez','Viña del Mar','Mantencion Industrial','15.436.443-9'),(2227,'Ginna Andrea','Vals Reyes','La Calera','Prevencion de Riesgos Industriales','18.274.528-1'),(2226,'Daniela Andrea','Barrera Moreno','Central - Valparaiso','Administracion de Empresas','18.271.433-k'),(2225,'Abraham Isaac','Toro Ahumada','Central - Valparaiso','Administracion de Empresas','18.272.548-k'),(2224,'Jesenia Lisbett','Basualto Guerra','Central - Valparaiso','Administracion de Empresas','18.270.789-9'),(2223,'Katherine Andrea','Peña Lewis','Central - Valparaiso','Administracion de Empresas','15.079.253-3'),(2222,'Felipe Antonio ','Maureira Briceño','Central - Valparaiso','Construccion','18.270.581-0'),(2221,'Camila Nicole','Gomez Bizama','Viña del Mar','Administracion de Empresas','18.032.347-3'),(2220,'Javiera Romane','Donoso Muena','Central - Valparaiso','Administracion de Empresas','18.618.233-2'),(2219,'Carlos Archibaldo','Pino Saldias','Viña del Mar','Mantencion Industrial','12.955.757-5'),(2218,'Marcelo Enrique','Muñoz Valdenegro','Central - Valparaiso','operaciones Mineras','17.278.257-4'),(2217,'Hermann Ricardo','Cabezon Berrios','Central - Valparaiso','Administracion de Empresas','11.623.566-8'),(2216,'Pamela Andrea','Zuñiga Zuñiga ','Central - Valparaiso','Administracion de Empresas','13.471.062-1'),(2215,'Kanda Varinnia','Jaque Fuenzalida','Central - Valparaiso','Administracion de Empresas','19.154.105-7'),(2214,'Luis Enrique','Tapia Cueto','Central - Valparaiso','Administracion de Empresas','19.013.887-9'),(2213,'Felipe Ignacio','Hernandez Jimenez','Central - Valparaiso','Logistica','18.598.369-2'),(2212,'Carla Lorena','Salomon Gonzalez','Central - Valparaiso','Administracion de Empresas','15.307.743-6'),(2211,'Francisco Javier','Vivanco Henriquez','Viña del Mar','Electricidad','14.551.223-9'),(2210,'Scarlet Karina','Tapia Cifuentes','La Calera','Contabilidad General','19.125.104-0'),(2209,'Nelson Jordan','Uribe Valencia','La Calera ','operaciones Mineras','18.879.287-1'),(2208,'Romina Antonia','Avalo Reyes','La Calera','Educacion Parvularia','19.047.749-5'),(2207,'Felipe Nicolas ','Fernandez Cifuentes','La Calera','operaciones Mineras','19.213.667-6'),(2206,'Luis Giancarlos','Gavilan Betancourt','Central - Valparaiso','Administracion de Empresas','16.157.635-2'),(2205,'Boris Francisco','Cornejo Latorre','Central - Valparaiso','Administracion de Empresas','15.764.434-3'),(2204,'Rodolfo Ignacio','Avendaño Aravena','Central - Valparaiso','Administracion de Empresas','18.704.752-8'),(2203,'Pilar Daniela','Cari Huanca','Central - Valparaiso','Prevencion de Riesgos Industriales','22.000.742-1'),(2202,'Nicolas Eduardo','Quezada Valencia','Central - Valparaiso','Prevencion de Riesgos Industriales','16.103.256-5'),(2201,'Joselin Nicole','Ahumada Cabrera','La Calera','Agricola ','16.540.784-9'),(2200,'Adonis Ignacio','Valdebenito Gallardo','La Calera','Agricola','19.214.120-6'),(2199,'Camila Alejandra','Henriquez Fernandez','La Calera','Agricola','18.973.979-6'),(2198,'Sheila Anahis','Val Reyes','La Calera','Prevencion de Riesgos Industriales','18.242.745-4'),(2197,'Katherine del Pilar','Arnes ordenes','La Calera','Prevencion de Riesgos Industriales','17.388.472-9'),(2196,'Danilo Francisco','Riquelme Valdivia','Central - Valparaiso','Logistica','13.989.670-k'),(2195,'Kathia Nicolk','Aracena Ibarra','Viña del Mar','Educacion Parvularia','16.886.806-5'),(2194,'Jonathan David','Acevedo Mercado','Central - Valparaiso','operaciones Mineras','18.290.320-5'),(2193,'Eugenia Roxana','Sepulveda Godoy','Central - Valparaiso','Administracion de Empresas','17.800.056-k'),(2192,'Hans osvaldo','Navarrete Toledo','Central - Valparaiso','operaciones Portuarias','16.486.678-5'),(2191,'Jorge Enrique','Figueroa Mancilla','Central - Valparaiso','Construccion','10.906.082-8'),(2190,'Jacqueline Agustina','Cabezas Arriaza','Central - Valparaiso','Prevencion de Riesgos Industriales','13.992.311-1'),(2189,'Isabel Anabel','Mancilla Salas','Viña del Mar','Prevencion de Riesgos Industriales','17.481.033-8'),(2188,'Victor Andres','Ramirez Maureira','Central - Valparaiso','Administracion de Empresas','16.885.622-9'),(2187,'Nicolas Andres','avila Reinoso','Viña del Mar','Mantencion Industrial','17.754.404-3'),(2186,'Alejandra Lucia Miguelina','Gonzalez Meneses','Central - Valparaiso','Logistica','10.672.467-9'),(2185,'Jonathan Andres','ogas Aracena','La Calera','operaciones Portuarias','17.210.329-4'),(2184,'Ana Maria','Godoy Madrid','La Calera','Agricola','17.627.221-3'),(2183,'Cristoper Anibal','Roman Roman','La Calera','Agricola','16.890.938-1'),(2182,'Belfor Rafael','Velis Altamirano','La Calera ','Agricola','18.852.667-5'),(2181,'Ana Maria ','Valle Rojas','La Calera','Contabilidad General','11.387.723-5'),(2180,'Katherine Kristy','Flecher ortiz','La Calera','Administracion de Empresas','16.058.384-3'),(2179,'Roberto Manuel','Galeas Perez','La Calera','Construccion','13.983.559-k'),(2178,'Leticia Claudina','Fuentes Porton','La Calera','operaciones Portuarias','12.712.828-6'),(2177,'Claudio Andres','Araya Camus','Viña del Mar','Electricidad','15.561.428-5'),(2176,'Eduardo Roberto','opazo Cespedes','Central - Valparaiso','operaciones Mineras','19.015.292-8'),(2175,'Camilo Alejandro','Godoy Vasquez','Viña del Mar','Prevencion de Riesgos Industriales','16.889.459-7'),(2174,'Karina Valeska ','Mora Diaz','Central - Valparaiso','Prevencion de Riesgos Industriales','18.914.344-3'),(2173,'Julio Jonathan','Cardenas Fleming','Viña del Mar','Prevencion de Riesgos Industriales','16.752.784-1'),(2172,'Andy Esteban','Aravena Andrade','La Calera','operaciones Mineras','16.058.994-9'),(2171,'Jonathan Ivan ','Diaz Gomez','La Calera','Prevencion de Riesgos Industriales','17.209.348-5'),(2170,'Margarita Ester ','Gonzalez Silva','La Calera','Prevencion de Riesgos Industriales','15.682.823-8'),(2169,'Rodrigo Alejandro','Torres Fernandez','La Calera','operaciones Mineras','16.890.496-7'),(2168,'Mayra Valentina','Silva Manterola','La Calera','operaciones Mineras','18.287.703-4'),(2167,'Rolando David','Lazcano Figueroa','Central - Valparaiso','Prevencion de Riesgos Industriales','18.032.525-5'),(2166,'Christopher Andres','Muñoz Ruiz','Central - Valparaiso','Prevencion de Riesgos Industriales','17.808.751-7'),(2165,'Angelica Margarita','Zamora Gonzalez','Central - Valparaiso','Prevencion de Riesgos Industriales','18.917.313-k'),(2164,'Manuel Jesus','Zamora ortiz','Central - Valparaiso','Prevencion de Riesgos Industriales','18.442.442-8'),(2163,'Maria Natalie','Leiva Lizana','Central - Valparaiso','Prevencion de Riesgos Industriales','15.951.522-2'),(2162,'Sebastian Alejandro','Gonzalez Aliaga','Viña del Mar','Turismo y Hoteleria','19.150.911-0'),(2161,'Tais Belen','Cordovez Gonzalez','Viña del Mar','Turismo y Hoteleria','19.336.455-1'),(2160,'Yayori Macarena','Rodriguez Rivera','La Calera','Prevencion de Riesgos Industriales','16.539.870-k'),(2159,'Hermes Eulises','obando ortiz','La Calera','Administracion de Empresas','14.562.641-2'),(2158,'Karin Elena','Rojas Araya','La Calera','Prevencion de Riesgos Industriales','17.809.455-6'),(2157,'Yaritza Silvana','Cisternas Huerta','La Calera','Administracion de Empresas','18.703.931-2'),(2156,'Marta de las Mercedes','Madariaga Silva','Viña del Mar','Mantencion Industrial','13.192.075-k'),(2155,'Alexander','Quiñones Labra','Central - Valparaiso','Electricidad','17.481.340-k'),(2154,'Sebastian Alonso','Vasquez Diaz','Viña del Mar','Electricidad','15.718.190-4'),(2153,'Eric Antonio','Montoya Ramirez','Central - Valparaiso','Construccion','19.015.728-8'),(2152,'Jorge Andres','Farias Franco','Central - Valparaiso','Construccion','15.974.725-5'),(2151,'Camila Victoria','Aliaga Araya','Central - Valparaiso','Comercio Exterior','16.678.229-5'),(2150,'Rodrigo Enrique','Gaete Rivas','Central - Valparaiso','Construccion','14.000.593-2'),(2149,'Luisa Viviana','Gutierrez Valdes','La Calera','Prevencion de Riesgos Industriales','13.703.067-5'),(2148,'Alexander Manuel Ignacio','Romero Guzman','La Calera','Prevencion de Riesgos Industriales','18.660.474-1'),(2147,'Ana Karina ','Chapa Astudillo','La Calera','Administracion de Empresas','19.049.251-6'),(2146,'Angelica Andrea','Cabello Altamirano','Central - Valparaiso','Administracion de Empresas','18.034.859-k'),(2145,'Sabino Andres','Cruz Labra','Viña del Mar','Electricidad','15.767.456-0'),(2144,'Carolina Ivonne','Contreras Apablaza','Central - Valparaiso','Gestion de Negocios','12.230.389-6'),(2143,'Juan Antonio','Rivera Ramos','Viña del Mar','Mantencion Industrial','12.878.389-k'),(2142,'Cesar Antonio','Morales Poblete','Viña del Mar','Mantencion Industrial','15.081.274-7'),(2108,'Angelo Jeanpierre','Martinez Rojas','Central - Valparaiso','Electricidad','16.665.048-8'),(2107,'Rachelle','Magnere Vivanco','La Calera','Prevencion de Riesgos Industriales','18.746.885-k'),(2106,'Emiliano Enrique','Vergara Vasquez','La Calera','operaciones Mineras','17.869.237-2'),(2105,'Manuel Andres','Rivera Vergara','La Calera','Prevencion de Riesgos Industriales','16.539.871-8'),(2104,'Carolina Alexandra','Gonzales Saavedra','La Calera','Prevencion de Riesgos Industriales','15.062.783-4'),(2103,'Yoselyn Macarena','Rodriguez Cataldo','Viña del Mar','Educacion Parvularia','16.034.159-9'),(2102,'Francisca Valeria','Garrido Vidal','Viña del Mar','Educacion Parvularia','18.237.746-5'),(2101,'Adrian Andres','Tapia Meneses','Viña del Mar','Turismo y Hoteleria','17.568.447-6'),(2100,'Karla Nikol','Arancibia Riquelme','Viña del Mar','Turismo y Hoteleria','19.192.309-k'),(2099,'Luciano Andres','Lataño Fernandez','Viña del Mar','Turismo y Hoteleria','19.338.907-4'),(2098,'Denisse Del Rosaio','Tapia Astudillo','Central - Valparaiso','operaciones Portuarias','15.949.839-5'),(2097,'Claudia Pilar','Matamala Almonacid','Central - Valparaiso','Logistica','18.004.355-1'),(2096,'Katherine Paulina','Benavides Villalon','Central - Valparaiso','Logistica','18.921.923-7'),(2095,'Gustavo Adolfo','Caverlotti Concha','Central - Valparaiso','Prevencion de Riesgos Industriales','16.969.069-3'),(2094,'Maria Elsa','Martinez Carvajal','Central - Valparaiso','Prevencion de Riesgos Industriales','13.881.024-0'),(2093,'Andres Fernando','ose Tapia','Central - Valparaiso','Prevencion de Riesgos Industriales','17.140.471-1'),(2092,'Carlos Felipe','Pailaqueo Arenas','Central - Valparaiso','Administracion de Empresas','18.705.143-6'),(2091,'Jorge Antonio','Aguilar Alvarez','Central - Valparaiso','Administracion de Empresas','18.704.867-2'),(2090,'Franco Jose','Figueroa Jimenez','Viña del Mar','Electricidad','15.828.093-0'),(2089,'Luis Eduardo','Mondaca Amador','Central - Valparaiso','Logistica','19.325.630-9'),(2088,'Tamara Francisca','Velasquez Duggan','Central - Valparaiso','Administracion de Empresas','17.976.783-k'),(2087,'Thalia Andrea','Mancilla Santana','Central - Valparaiso','Contabilidad General','18.567.238-7'),(2086,'Mauro Alejandro','Leiva Pulgar','Central - Valparaiso','Contabilidad General','17.808.107-1'),(2085,'Vanessa Paola','Pinto Lopez','Central - Valparaiso','Logistica','17.143.204-9'),(2084,'Jorge Ignacio','Leiva Godoy','Central - Valparaiso','Comercio Exterior','17.472.975-1'),(2083,'Aquiles Antonio','Bozo Huenchuñir','Central - Valparaiso','Logistica','15.537.826-3'),(2082,'Francisco Antonio','Campo Lobos','Central - Valparaiso','Logistica','13.229.240-k'),(2081,'Bryan Luis','Muñoz ocaranza','Central - Valparaiso','Logistica','19.013.035-5'),(2080,'Claudia Manyory','Muñoz Zelada','Central - Valparaiso','operaciones portuarias','12.448.904-0'),(2079,'Luis Alberto','Marquez Pezoa','Central - Valparaiso','operaciones portuarias','18.553.230-5'),(2078,'Valeria De Lourdes','Elgueta Guitierrez','Central - Valparaiso','operaciones portuarias','18.842.283-7'),(2077,'Daniela Isabel','Parra Gutierrez','Central - Valparaiso','operaciones portuarias','18.565.067-7'),(2065,'Tannya Francheska','Reyes Cancino','Central - Valparaiso','Administracion de Empresas','18.914.508-k'),(2064,'Jamilet Ninoska','Guerra Tapia','Central - Valparaiso','operaciones Mineras','19.012.877-6'),(2063,'Miguel Angel','Valdes Barrera','Central - Valparaiso','Logistica','9.998.650-6'),(2062,'Camila Antonia','Barna Guinez','Central - Valparaiso','Prevencion de Riesgos Industriales','18.128.043-3'),(2061,'Macarena Alejandra','Castro Huerta','La Calera','Prevencion de Riesgos Industriales','17.478.678-k'),(2060,'Marcelo Patricio','Zamora Maureira','La Calera','Construccion','12.447.905-3'),(2059,'Alex Elias','Cabrera Palma','Central - Valparaiso','Construccion','11.911.929-4'),(2058,'Juan Carlos','Bahamon Diaz','Central - Valparaiso','Logistica','10.467.356-2'),(2057,'Leonardo Antonio','Cano Sandoval','Central - Valparaiso','Construccion','18.564.484-7'),(2056,'Robin Alexis','Basaure Villarroel','Central - Valparaiso','Construccion','13.231.436-5'),(2055,'Paulina Francesca','Alcoholado Haro','Viña del Mar','operaciones Mineras','17.856.417-k'),(2054,'Bastian Andres','Navarro Meza','Central - Valparaiso','Electricidad','18.706.418-k'),(2053,'Pablo Andres','Vasquez Aliaga','Viña del Mar','Electricidad','15.720.181-6'),(2052,'Diego Alejandro','Navarro Espinoza','La Calera','Administracion de Empresas','13.753.884-9'),(2051,'Cesar Roman','Zuñiga Velez','La Calera','Prevencion de  Riesgos Industriale','16.400.413-9'),(2050,'Carolina Alejandra','Ibache Delgado','La Calera','Administracion de Empresas','18.643.066-2'),(2049,'Keila Jerusalen','Chavez Leiva','La Calera','Prevencion de Riesgos Industriales','19.213-752-7'),(2048,'Ignacio Humberto','Bustos Pino','La Calera','Prevencion de Riesgos Industriales','18.879.311-8'),(2047,'Romina Silvana','Fuenzalida Araya','Viña del Mar','Construccion','16.500.573-2'),(2046,'Manuel Antonio','orellana Pacheco','Central - Valparaiso','Construccion','15.080.299-7'),(2045,'Poulette Angelett','Modinger Peña','Viña del Mar','Construccion','19.336.736-4'),(2044,'Daniela Azucena','Valdivia Rincon','Viña del Mar','Construccion','18.997.370-5'),(2043,'Maria Paz','Almonacid Vargas','Viña del Mar','Educacion Parvularia','19.013.907-7'),(2042,'Maria Ignacia','Aspillaga Belles','Viña del Mar','Educacion Parvularia','18.584.366-1'),(2041,'Karla Francisca','Parral Alvarado','Central - Valparaiso','Educacion Parvularia','18.997.502-3'),(2040,'Maccarena Soledad','Morgado Vasquez','Viña del Mar','Educacion Parvularia','19.337.404-2'),(2039,'Isaac Caleb','Reyna Tramon','Central - Valparaiso','Turismo y Hoteleria','16.573.926-4'),(2038,'Maria Haydee','Cid Escobar','Central - Valparaiso','Prevencion de Riesgos Industriales','9.062.985-9'),(2037,'Ana Maria','Gonzales Ramirez','Viña del Mar','Educacion Parvularia','10.544.045-6'),(2036,'Karina Alejandra','Caceres Torres','Viña del Mar','Educacion Parvularia','18.618.956-6'),(2035,'Patricia Alejandra','ortiz ortiz','Viña del Mar','Educacion Parvularia','18.272.685-0'),(2034,'Ellen Margarita','Barraza Torres','La Calera','Contabilidad General','15.062.360-k'),(2033,'Juan Carlos','Andrade Parada','Central - Valparaiso','Construccion','18.546.522-5'),(2032,'Jaime Rodrigo','Garcia Alvarez','Central - Valparaiso','Comercio Exterior','18.902.321-9'),(2031,'Luisa Estefania','Zepeda Pasten','Central - Valparaiso','operaciones Mineras','18.254.926-6'),(2030,'Jose Armando','Gomez Vallejo','Viña del Mar','Prevencion de Riesgos Industriales','13.997.150-7'),(2029,'Jorge Luis','Flores Lagos','Central - Valparaiso','Prevencion','18.272.786-5'),(2028,'Priscila Isidora','Quintana Leyton','Viña del Mar','Educacion Parvularia','17.342.558-9'),(2027,'Yessenia Polett','Brante oyarzu','La Calera','Contabilidad General','17.586.994-8'),(2026,'Deborha Caren','Aguilera Valdivia','La Calera','Administracion de Empresas','15.836.202-3'),(2025,'Madelaine Camila','Mondaca Gomez','La Calera','Administracion de Empresas','16.889.432-5'),(2024,'Felipe Antonio','Rivera Astudillo','La Calera','Prevencion de Riesgos Industriales','17.439.053-3'),(2023,'Constanza Daniela','Godoy Vega','La Calera','Administracion de Empresas','19.047.201-9'),(2022,'Fermin Felipe','Garcia Vasquez','La Calera','Prevencion de Riesgos Industriales','17.993.119-2'),(2021,'Ivonne Francesca','Donoso Hernandez','La Calera','Educacion Parvularia','18.511.762-6'),(2020,'Yislen Natalia','Cuello Gamboa','La Calera','Administracion de Empresas','17.887.924-3'),(2019,'Maria Angelica','Torres osorio','La Calera','Contabilidad General','12.601.208-k'),(2018,'Diego Nicolas','Chapa Toledo','La Calera','Construccion','19.015.064-k'),(2017,'Jorge Andres','Gutierrez Vera','Central - Valparaiso','operaciones Portuarias','19.337.203-1'),(2016,'Enzo Ignacio','Guital Richelmi','Central - Valparaiso','operaciones Portuarias','15.584.482-k'),(2015,'Guillermo Andres','Bernal Saavedra','Central - Valparaiso','operaciones Portuarias','19.015.636-2'),(2014,'Braulio Javier ','Briones Tapia','Central - Valparaiso','Electricidad','16.886.273-3'),(2013,'Eduardo Enrique','Martinez Gonzalez','Viña del Mar','Electricidad','7.820.849-k'),(2012,'Cesar Andres','Torres Gonzales','Central - Valparaiso','Electricidad','15.466.672-9'),(2011,'Tamara Cecilia','Toledo Contreras','Central - Valparaiso','Comercio Exterior','17.957.226-5'),(2010,'Aldo Patricio','Silva osorio','Central - Valparaiso','Comercio Exterior','19.012.257-3'),(2009,'Sindy Belen','Lopez Muñoz','Central - Valparaiso','Comercio Exterior','17.994.605-k'),(2008,'Nubia Salome','Lopez Verdugo','Central - Valparaiso','Prevencion de Riesgos Industriales','18.338.349-3'),(2007,'Marcelo Isaac','Gallardo Velasquez','Central - Valparaiso','Prevencion de Riesgos Industriales','18.032.194-2'),(2006,'Sara Dianes de Lourdes','Zañartu Garrido','Viña del Mar','Prevencion de Riesgos Industriales','18.282.467-4'),(2005,'Ricardo Antonio','Guerrero Peña','Central - Valparaiso','Construccion','10.924.537-2'),(2004,'Carlos Humberto','ortega Gonzalez','Viña del Mar','Construccion','10.345.243-0'),(2003,'Karina Elena','Muñoz Barahona','Viña del Mar','Educacion Parvularia','11.824.499-0'),(2002,'Ninoska Alejandra','Urrea Salas','Central - Valparaiso','Administracion de Empresas','18.784.258-1'),(2001,'Maria Del Pilar','Carcamo Gaete','Central - Valparaiso','Administracion de Empresas','13.653.631-1'),(2000,'Maria Jesus','Arriagada Schmelzer','Central - Valparaiso','Administracion de Empresas','16.969.228-9'),(1999,'Claudia Cristina','Neira Muñoz','Viña del mar','Turismo y Hoteleria','12.028.465-7'),(1998,'Vladimir Enrique','Gonzalez Contreras','Viña del mar','Turismo y Hoteleria','18.916.217-0'),(1997,'Lissete Alexia Del Carmen','Medina Caro','Viña del mar','Turismo y Hoteleria','18.918.692-4'),(1996,'Carolina Belen','Muñoz Escobar','Viña del mar','Educacion Parvularia','18.782.697-7'),(1995,'Thiara Andrea','Morales Rodriguez','Viña del mar','Educacion Parvularia','19.015.226-k'),(1994,'Carolina Andrea','Silva Rojas','Central - Valparaiso','Administracion de Empresas','13.878.253-0'),(1993,'Byron Jesus','Jauregui Tobar','Central - Valparaiso','operaciones Mineras','18.268.703-0'),(1992,'Jonatan Enrique','Navarrete ordenes','Central - Valparaiso','Construccion','18.705.867-8'),(1991,'Karina Tamara','Molina Araya','Central - Valparaiso','Prevencion de Riesgos Industriales','19.014.975-7'),(1990,'Ismael Gamalier','Seco Torres','Central - Valparaiso','Prevencion de Riesgos Industriales','17.793.571-9'),(1989,'Diego Antonio','Ferrada Reyes','La Calera','Administracion de Empresas','18.559.150-4'),(1988,'Alejandra Andrea','Aspe Muñoz','La Calera','Educacion Parvularia','16.890.634-k'),(1987,'Pedro Pablo','Sepulveda oelckers','La Calera','Administracion de Empresas','18.283.535-8'),(1986,'Geries Jacobo','Hasbun olivares','La Calera','Prevencion de Riesgos Industriales','18.607.879-k'),(1985,'Jocelyn Mirian','Suarez Pacheco','La Calera','Prevencion de Riesgos Industriales','16.819.233-9'),(1982,'Alexandra Monserrat','Añazco Moreno','Viña del Mar','Prevencion De Riesgos Industriales','18.998.041-8'),(1981,'Selomit Banit','Astorga Gallardo','Central - Valparaiso','Prevencion De Riesgos Industriales','18.272.537-4'),(1980,'Jacqueline Del Pilar','Aguirre Lopez','Viña del Mar','Prevencion De Riesgos Industriales','17.354.153-8'),(1979,'Cinthia Alexandra','Bernal Vial','Viña del Mar','Prevencion De Riesgos Industriales','16.677.713-5'),(1978,'Alvaro Alonso','Quezada osorio','La Calera','Administracion de Empresas','11.223.365-2'),(1977,'Jean Pierre','Zamora Aros','La Calera','Prevencion de Riesgos Industriales','15.836.101-9'),(1976,'Jaime Ivan','Gonzalez Villarroel','La Calera','operaciones Mineras','18.420.710-9'),(1975,'Dahiana Scarlet','Diaz Morna','La Calera','Educacion Parvularia','13.983.335-k'),(1974,'Daniela Carmen','Herrera Leiva','La Calera','Educacion Parvularia','19.047.469-0'),(1973,'Francisco Javier','Ramirez olivares','Central - Valparaiso','Logistica','15.808.583-6'),(1972,'Wanda carmen','Guerrero orellana','Central - Valparaiso','Logista','12.848.831-6'),(1971,'Sara Veronica','Becerra Saldaño','Central - Valparaiso','Comercio Exterior','16.754.942-k'),(1970,'Elizabeth Andrea','Galvez Torres','Central - Valparaiso','Comercio Exterior','17.161.049-4'),(1969,'Victoria Andrea','Pizarro Rojas','Viña del Mar','Educacion Parvularia','18.565.709-4'),(1968,'Vanessa Denisse','Vargas Aros','Viña del Mar','Educacion Parvularia','16.969.934-8'),(1967,'Manuel Antonio ','Fernandez Gonzalez','Viña del Mar','Prevencion de Riesgos Industriales','9.272.494-8'),(1966,'Pablo Isaias','Diaz Acuña','Central - Valparaiso','operaciones Portuarias','19.336.672-4'),(1965,'Gabriel Eduardo','Cerda Nuñez','Central - Valparaiso','operaciones Portuarias','18.584.797-7'),(1964,'Mauricio Nibaldo','Pasten Parra','Central - Valparaiso','Electricidad','16.034.608-6'),(1963,'Franco oscar','Castro Hormazabal','Central - Valparaiso','Electricidad','15.069.873-1'),(1962,'Mauricio Antonio','Montenegro Valdebenito','Viña del Mar','Electricidad','16.677.036-k'),(1961,'Vanessa Allison','Erazo Estay','Central - Valparaiso','Prevencion de Riesgos Industriales','13.544.197-k'),(1960,'Alejandro Alberto','Garay Azola','Central - Valparaiso','Prevencion de Riesgos Industriales','19.015.427-0'),(1959,'Cecilia Alejandra','Luz Saavedra','Central - Valparaiso','Prevencion de Riesgos Industriales','16.972.120-3'),(1958,'Renato Antonio','Pezzopane Maldonado','Central - Valparaiso','Prevencion de Riesgos Industriales','12.690.930-6'),(1957,'Johana Karina','Riffo Roman','La Calera','Contabilidad General','10.911.925-3'),(1956,'Felipe Andres','Acevedo orellana','Central - Valparaiso','Comercio Exterior','18.038.600-9'),(1955,'Mirko Leandro','Fernandez Fernandez','La Calera','Prevencion de Riesgos Industriales','18.516.738-0'),(1954,'Javier Andres','Tapia Rivera','La Calera','Prevencion de Riesgos Industriales','17.634.511-k'),(1953,'Debora Fernanda ','Torres Torres','La Calera','Prevencion de Riesgos Industriales','18.659.437-1'),(1952,'Mariela Andrea','Alarcon Espinoza','La Calera','Administracion de Empresas','13.885.945-2'),(1951,'Daniela Soledad','Carcamos Vargas','La Calera','Administracion de Empresas','18.421.575-6'),(1950,'Nibsa Jainna','Sanhueza Ferreira Da Silva','Viña del Mar','Construccion','16.431.074-4'),(1949,'Bella del Carmen','Valenzuela Contreras','Central - Valparaiso','Prevencion de Riesgos Industriales','18.272.948-5'),(1948,'Alejandra Aurora','Salazar Paredes','Central - Valparaiso','Prevencion de Riesgos Industriales','10.682.536-k'),(1947,'Roberto Adrian','Rojas Hormazabal','Central - Valparaiso','Comercio Exterior','18.031.837-2'),(1946,'Renzo Eduardo','Monteverde Navia','La Calera','Prevencion de Riesgos Industriales','18.660.262-5'),(1945,'Luis Carlos','olivares Mondaca','La Calera','Prevencion de Riesgos Industriales','16.059.342-3'),(1944,'Miguel Angel','Ramos Espindola','Viña del Mar','Electricidad','12.449.189-4'),(1943,'Jason Giovanny Vicente','Estay Mondaca','La Calera','Administracion de Empresas','16.890.808-3'),(1942,'Nazareno Exequiel','Urrutia Novellino','La Calera','Construccion','20.683.638-5'),(1941,'Alejandro Antonio','Silva Maturana','La Calera','Administracion de Empresas','13.187.743-9'),(1940,'Alexander Andres','Riquelme Baez','Central - Valparaiso','operaciones Portuarias','19.015.627-3'),(1939,'octavio Alejandro','Zuñiga Barraza','Central - Valparaiso','operaciones Portuarias','15.828.556-8'),(1938,'Maria Sofia','Echeverria Mondaca','La Calera','Administracion de Empresas','18.879.076-3'),(1937,'Jaime Ignacio','Carvajal Salvatierra','La Calera','operaciones Portuarias','13.983.979-k'),(1936,'Evelyn Judith','Cisternas Molina','La Calera','Prevencion de Riesgos Industriales','15.093.880-5'),(1935,'Romina Soledad','Rivera Serey','La Calera','Construccion','16.688.625-0'),(1934,'Manuel Alejandro','Romero Maldonado','La Calera','Prevencion de Riesgos Industriales','15.427.286-0'),(1933,'Monica Alejandra','Alvarez Jopia','Viña del Mar','Turismo y Hoteleria','15.324.008-6'),(1932,'Fabiola del Jesus','Tapia Flores','Viña del Mar','Turismo y Hoteleria','18.224.736-7'),(1931,'Moira Elena','Cisternas Briones','La Calera','operaciones Portuarias','19.214.339-k'),(1930,'Paula Nicole','Lopez Torres','La Calera','Administracion de Empresas','16.755.925-5'),(1929,'Rodrigo Esteban','Engber Ferrada','Central - Valparaiso','Prevencion de Riesgos Industriales','15.100.546-2'),(1928,'Katherine Belen ','Alday Perez','Central - Valparaiso','Prevencion de Riesgos Industriales','17.612.551-9'),(1927,'Pamela Alejandra','Aros Donoso','La Calera','Construccion','16.288.398-4'),(1926,'Pedro Enrique','Diaz Saavedra','Central - Valparaiso','Electricidad','9.850.445-1'),(1925,'Gilberto Kenrich','Villar Cabañas','Viña del Mar','Electricidad','10.386.360-0'),(1924,'Gloria del Carmen','Vega Ibacache','La Calera','Prevencion de Riesgos Industriales','12.597.993-9'),(1923,'Emelina Victoria','Guerra Quezada','La Calera','Prevencion de Riesgos Industriales','16.059.364-4'),(1922,'Karen Alejandra','Quilodran Roldan','La Calera','Construccion','17.078.484-7'),(1921,'Eduardo Antonio ','Rojo Perez','La Calera','Construccion','13.983.832-7'),(1920,'Luis Alfredo','Maldonado Vargas','La Calera','operaciones Portuarias','15.866.549-2'),(1919,'Karima Kimberling','Soto Madrid','Central - Valparaiso','Comercio Exterior','17.472.006-1'),(1918,'Katherine Lydia','Roa Perez','Viña del Mar','Educacion Parvularia','16.485.575-9'),(1917,'Franchesca Alejandra','Azocar Rebolledo','Viña del Mar','Educacion Parvularia','19.016.160-9'),(1916,'Pablo Victor','Aguayo Quezada','La Calera','Construccion','13.746.140-2'),(1915,'Maria Soledad','Merino Alvarez','La Calera','Prevencion de Riesgos Industriales','18.420.911-k'),(1914,'Agustin Gregorio','Castillo Alcota','La Calera','operaciones Portuarias','12.568.300-2'),(1913,'Manuel Alejandro','Fernandez olivares','La Calera','Construccion','12.578.067-9'),(1912,'Julio Alexis','Salazar olivares','La Calera','Construccion','16.288.409-3'),(1911,'Ruben Alejandro','Castro Miranda','La Calera','Construccion','16.891.452-0'),(1910,'Luis Antonio','Ahumada Rojas','La Calera','Construccion','19.048.277-4'),(1909,'Gabriela Romina','Veliz Quezada','La Calera','Prevencion de Riesgos Industriales','16.819.234-7'),(1908,'Melanie Nicole','Altamirano Cuevas','Viña del Mar','Educacion Parvularia','19.013.298-6'),(1907,'Johana Alejandra ','Araya Cifuentes','Viña del Mar','Educacion Parvularia','13.995.535-8'),(1906,'Waldo Ignacio','Salinas Rojas','Central - Valparaiso','Prevencion de Riesgos Industriales','15.774.699-5'),(1905,'Christian Alejandro','de la Ho Gomez','Central - Valparaiso','Prevencion de Riesgos Industriales','18.033.555-2'),(1904,'Diego Antonio','Saavedra Fuenzalida','Central - Valparaiso','Administracion de Empresas','18.916.232-4'),(1903,'Beatriz Constanza','Meneses Maturana','La Calera','Prevencion de Riesgos Industriales','18.510.426-5'),(1902,'Susan Nicole','Guerra Rojas','La Calera','Prevencion de Riesgos Industriales','18.256.294-7'),(1901,'Mauro Andres','Varas Barrios','Viña del Mar','Turismo y Hoteleria','16.232.810-7'),(1900,'Rosa Jeanette ','Catalan Aranda','La Calera','Gestion de Negocios','13.432.126-1'),(1899,'Richard Ignacio','Niñez Rojas','La Calera','Prevencion de Riesgos Industriales','17.761.895-0'),(1898,'Claudio Andres','Contreras Cornejo','Central - Valparaiso','Turismo y Hoteleria','18.703.842-1'),(1897,'Monica Heisi','Navarrete Escobar','Central - Valparaiso','Turismo y Hoteleria','13.992.465-7'),(1896,'Johans Eduardo','Basaure Marquez','Central - Valparaiso','Administracion de Empresas','13.993.743-0'),(1895,'Gonzalo Andres ','Marchant Aranda','La Calera','Construccion','16.289.251-7'),(1894,'Valeria Dayana','Valenzuela Vera','La Calera','Prevencion de Riesgos Industriales','18.659.056-2'),(1893,'Raul Guillermo','Mondaca Soriano','La Calera','Prevencion de Riesgos Industriales','16.058.104-2'),(1892,'Eduardo Felipe','Salinas Martinez','La Calera','Fruticola Intensiva y Sustentable','19.046.071-9'),(1891,'Claudia Guadalupe','Vera Bahamondes','La Calera','Gestion de Negocios','13.754.584-5'),(1890,'Nuri Rosa','olivares Hernandez','Central - Valparaiso','Asistente Juridico','12.164.103-8'),(1889,'Esteban Carlos','Blanco Pino','Central - Valparaiso','Prevencion de Riesgos Industriales','17.983.507-k'),(1888,'Jose Enrique','Vergara Vera','Central - Valparaiso','Construccion','18.565.245-9'),(1887,'Alexis Javier','Kord Velasquez','Central - Valparaiso','Construccion','13.991.283-7'),(1886,'Mario Andres','osorio osorio','Central - Valparaiso','Construccion','18.997.021-8'),(1885,'Fabian Anderson','Gonzalez Araya','La Calera','Construccion','18.660.628-0'),(1884,'Yeisy Patricia','Fernandez Contanzo','La Calera','Prevencion de Riesgos Industriales','17.688.908-k'),(1883,'Luis Eduardo','Castro Sepulveda','La Calera','Prevencion de Riesgos Industriales','17.236.801-8'),(1882,'Manuel Alejandro','Sarmiento Godoy','La Calera','Prevencion de Riesgos Industriales','16.878.724-3'),(1881,'Eric Alexis','Leyton Chacon','Central - Valparaiso','Prevencion de Riesgos Industriales','16.414.044-k'),(1880,'Catalina de Jesus','Lizama Cubillos','Central - Valparaiso','Asistente Jurìdico','18.359.378-1'),(1879,'Kenji Antare','Ugarte Cofre','Central - Valparaiso','Logistica','17.454.521-9'),(1878,'Maximiliano Andres','Barre Allendes','Central - Valparaiso','Logistica','18.704.473-1'),(1877,'Cristian Alexander','Grondona Arancibia','Central - Valparaiso','Electricidad','18.704.168-6'),(1876,'Nicolas Enrique','Marin Bañados','Central - Valparaiso','Construccion','16.487.412-5'),(1875,'omar Adolfo','osorio Gaete','Central - Valparaiso','Construccion','13.229.761-4'),(1874,'Jonathan David','Salinas Saavedra','Central - Valparaiso','Construccion','18.935.744-3'),(1873,'Cristopher Andres','Leblanc Quiroga','Central - Valparaiso','Construccion','16.561.384-8'),(1872,'Francisco Enrique','Astorga Guitierrez','Central - Valparaiso','Construccion','18.257.549-6'),(1871,'Marcos Eduardo','Hurtado Retamal','Central - Valparaiso','Construccion','16.887.405-7'),(1870,'Adolfo Esteban','Fernandez Perez','Central - Valparaiso','Electricidad','16.776.079-1'),(1869,'Cesar Antonio','Varela Pasten','Central - Valparaiso','Electricidad','14.561.291-8'),(1868,'omar Arnaldo Yamir','Acevedo Diaz','Central - Valparaiso','Electricidad','10.617.919-0'),(1867,'Israel Isaac','Valderrama Vallejos','Central - Valparaiso','Electricidad','16.813.050-3'),(1866,'Matias Aaron','Diaz Huerta','Central - Valparaiso','Electricidad','17.791.324-3'),(1865,'Luis Ariel','Aravena Andrade','La Calera','Prevencion de Riesgos Industriales','15.836.176-0'),(1864,'Maria Ignacia Carolina','Elordi Meneses','La Calera','Prevencion de Riesgos Industriales','17.618.196-6'),(1863,'Claudia Angelica','Zamora Cruz','La Calera','Construccion','12.351.189-1'),(1862,'Claudio Felipe','Soto Rojo','Central - Valparaiso','Prevencion de Riesgos Industriales','18.842.796-0'),(1861,'Michelle Alexandra','Espinoza Lobos','Central - Valparaiso','Prevencion de Riesgos Industriales','18.980.688-4'),(1860,'Jose Adelmiro','Velasquez Duggan','Central - Valparaiso','operaciones Portuarias','16.971.669-2'),(1859,'Francisca Andrea','Cisternas Villaroel','Central - Valparaiso','operaciones Portuarias','18.553.434-0'),(1858,'Pedro Antonio','Godoy Velasquez','Central - Valparaiso','Construccion','8.803.285-3'),(1857,'Luis Humberto','Muñoz Manzo','Central - Valparaiso','Construccion','12.178.715-6'),(1856,'Freddy Andres','Zapata Peña','Central - Valparaiso','Construccion ','17.808.059-8'),(1855,'Rodrigo Andres','Parra Aros','La Calera','Prevencion de Riesgos Industriales','18.421.037-1'),(1854,'Cesar Antonio','oñate Valenzuela','La Calera','Prevencion de Riesgos Industriales','15.729.284-6'),(1853,'Carolina Beatriz','Salinas Lopez','Central - Valparaiso','Prevencion de Riesgos Industriales','15.559.713-5'),(1852,'Raul Elias ','Romero Perez','Central - Valparaiso','Prevencion de Riesgos Industriales','15.787.774-7'),(1851,'Jonathan Bernando','Suarez Borquez','Central - Valparaiso','Prevencion de Riesgos Industriales','17.807.016-9'),(1850,'Johanna Mouriel','Carmona Molina','Central - Valparaiso','Prevencion de Riesgos Industriales','18.842.415-5'),(1849,'Marisol Andrea','Avalos Pacheco','Central - Valparaiso','Prevencion de Riesgos Industriales','17.790.604-2'),(1848,'Hernan Alexi','Montenegro Saavedra','Central - Valparaiso','Construccion','17.273.390-5'),(1847,'Jose Luis','Jeraldo Suarez','Central - Valparaiso','Construccion','10.836.286-3'),(1846,'Carlos Arnoldo','Vega Fideli','La Calera','Prevencion de Riesgos Industriales','13.817.701-7'),(1845,'Juan Mauricio ','Tapia Santander','La Calera','Prevencion de Riesgos Industriales','18.255.769-2'),(1844,'Gianfranco Eduardo','Jeraldino Gaubert','Central - Valparaiso','Prevencion de Riesgos Industriales','17.619.340-9'),(1843,'Alvaro Ignacio','Cortes Gonzalez','La Calera','Construccion','13.753.913-6'),(1842,'Esteban Alejandro','Zamora ordenez','La Calera','Prevencion de Riesgos Industriales','16.820.849-9'),(1841,'Jonathan Andres','Rios Silva','La Calera','Prevencion de Riesgos Industriales','16.755.664-7'),(1840,'Daniel Alfonso','Romero Fernandez','La Calera','Construccion','16.288.666-5'),(1839,'Joseph Peter','Lopez Villalobos','Central - Valparaiso','Construccion','16.103.960-8'),(1838,'Marion Alejandra','Rojas Zamora','Central - Valparaiso','Construccion','16.969-015-4'),(1837,'Julio Noberto','Prado Gonzalez','La Calera','Prevencion de Riesgos Industriales','16.065.258-6'),(1836,'Sebastian Andres','Collado Collado','La Calera','Prevencion de Riesgos Industriales','17.369.246-3'),(1835,'Felipe Sebastian ','Pizarro Giaier','La Calera','Prevencion de Riesgos Industriales','15.830.225-k'),(1834,'Maria Fernanda ','Hidalgo Arancibia','La Calera','Prevencion de Riesgos Industriales','18.726.035-3'),(1833,'Camilo Hernan','Lopez Uribe','Central - Valparaiso','Prevencion de Riesgos Industriales','17.202.237-5'),(1832,'Reinaldo Wilson','Soto Salazar','Central - Valparaiso','Construccion','13.880.979-k'),(1831,'Jenifer del Carmen','Zapata Peña','Central - Valparaiso','Construccion','18.565.148-7'),(1830,'Claudia Patricia','Tarifeño Arancibia','Central - Valparaiso','Comercio Exterior','17.178.323-2'),(1829,'Jeremias Alejandro','Solis Llanten','La Calera','Prevencion de Riesgos Industriales','18.660.292-7'),(1828,'Carlos Fernando','Cisterna Jeria','La Calera','Prevencion de Riesgos Industriales','11.732.627.6'),(1827,'Jorge Luis ','Delgado Arancibia','La Calera','Construccion','17.077.624-0'),(1826,'Damian Alejandro','Trango Mora','Central - Valparaiso','Logistica','15.853.698-6'),(1825,'Talia Fanny','olivares Ahumada','La Calera','Prevencion de Riesgos Industriales','18.878.814-9'),(1824,'Franco Simon','Molinelli Collao','La Calera','Prevencion de Riesgos Industriales','19.047.860-2'),(1823,'Aldo Antonio','Avila Arancibia','La Calera','Construccion','8.705.426-8'),(1822,'Carlos Andres','Salinas Moreno','La Calera','Construccion','12.953.866-k'),(1821,'Gustavo Felipe','Montenegro Naranjo','Central - Valparaiso','Prevencion de Riesgos Industriales','16.752.711-6'),(1820,'Mario Javier','Azocar Iturra','Central - Valparaiso','Prevencion de Riesgos Industriales','17.433.515-k'),(1819,'Rodrigo Reinaldo','Araya Esquivel','La Calera','Construccion','13.976.993-7'),(1818,'Gerson Alejandro','Tapia Aravena','La Calera','Construccion','17.077.767-0'),(1817,'Eduardo Manuel','Pacheco Alvarez','La Calera','Construccion','18.843.091-0'),(1816,'Claudia Francisca','Molina Helig','La Calera','Prevencion de Riesgos Industriales','18.705.772-8'),(1815,'Katherine Guillermina','Tapia Torres','La Calera','Prevencion de Riesgos Industriales','18.256.808-2'),(1814,'Graciela Edith','Quiroga Moran','La Calera','Prevencion de Riesgos Industriales','18.879.175-1'),(1813,'Romina Alejandra','Palma Aravena','La Calera','Prevencion de Riesgos Industriales','13.983.147-0'),(1812,'Patricia Isabel','Escobar Gonzalez','Central - Valparaiso','Prevencion de Riesgos Industriales','18.036.643-1'),(1811,'Jorge Luis ','Suarez Tapia','Central - Valparaiso','Prevencion de Riesgos Industriales','14.560.617-9'),(1810,'Johana Andrea','Ibañez Gahona','Central - Valparaiso','Prevencion de Riesgos Industriales','13.432.393-0'),(1809,'Thayra Sernna','Rubio Jaramillo','Central - Valparaiso','Prevencion de Riesgos Industriales','18.269.702-8'),(1808,'Carlos Ismael','Salazar Delgadillo','La Calera','Construccion','12.821.865-3'),(1807,'Roxana del Carmen ','Avalos Cornejo','Central - Valparaiso','Prevencion de Riesgos Industriales','11.830.927-8'),(1806,'Katherine Casandra','Maicheo Perez','La Calera','Prevencion de Riesgos Industriales','16.820.749-2'),(1805,'Rodrigo Alexis','Vallejos Cornejo','La Calera','Construccion','18.511.491-0'),(1804,'Juan Carlos','Saavedra Tapia','La Calera','Construccion','12.172.974-1'),(1803,'Francisco Javier','Silva olguin','Central - Valparaiso','Prevencion de Riesgos Industriales','13.998.589-3'),(1802,'Macarena Paz','Aranguiz Valencia','Central - Valparaiso','Prevencion de Riesgos Industriales','17.474.354-1'),(1801,'Pamela Andrea','Reyes Fingerhut','Central - Valparaiso','Servicios Turisticos','15.828.253-4'),(1800,'Jaqueline Alexandra','Arnes Tapia','La Calera','Construccion','18.553.219-4'),(1799,'Jonathan Patricio','San Martin Jerez','Central - Valparaiso','Prevencion de Riesgos Industriales','18.567.581-5'),(1798,'Denisse Carolayn','Valencia Sepulveda','Central - Valparaiso','Prevencion de Riesgos Industriales','16.486.530-4'),(1797,'Pedro Rodrigo','Aros Sanchez','Central - Valparaiso','Prevencion de Riesgos Industriales','12.049.203-9'),(1796,'oscar Ricardo','Plaza Maldonado','Central - Valparaiso','Prevencion de Riesgos Industriales','12.847.647-4'),(1795,'Mauricio Andres','Marchant Naranjo','La Calera','Construccion','20.231.837-1'),(1794,'Angelica del Carmen','Romero Vicencio','La Calera','Prevencion de Riesgos Industriales','18.480.089-6'),(1793,'Fernando Alexis','olivares Aballay','La Calera','Prevencion de Riesgos Industriales','15.062.231-k'),(1792,'Francisca Lorena ','Cabrera Collao','La Calera','Prevencion de Riesgos Industriales','18.878.892-0'),(1791,'Matias Alfredo','Trigo Zuñiga','Central - Valparaiso','Prevencion de Riesgos Industriales','16.888.195-9'),(1790,'Juan Felipe','Figueroa alvares','Central - Valparaiso','Prevencion de Riesgos Industriales','15.625.248-4'),(1789,'Marianeli Elizabeth','Paredes Diaz','Central - Valparaiso','Comercio Exterior','17.274.292-0'),(1788,'Giovanni Fernando','Diaz osses','Central - Valparaiso','Electricidad','18.033.727-k'),(1787,'Alan Benson','Zuñiga Saez','Central - Valparaiso','Electricidad','17.806.702-8'),(1786,'Pamela Alejandra','Estay Sanchez','La Calera','Prevencion de Riesgos Industriales','18.449.609-7'),(1785,'Patricio Eduardo','opazo Saavedra','La Calera','Construccion','17.478.182-6'),(1784,'Maria Jesus','Lizama Espindola','La Calera','Prevencion de Riesgos Industriales','15.836.394-1'),(1783,'Carolina Andrea ','opazo Cordova','La Calera','Prevencion de Riesgos Industriales','17.468.379-4'),(1782,'Santiago Ruben','Navarro Sanchez','Central - Valparaiso','Asistente Juridico','6.975.888-6'),(1781,'Javiera Ignacia','Cañas Jamett','Central - Valparaiso','Gestion de Negocios','17.560.828-1'),(1780,'Patricio del Carmen','General Martinez','La Calera','Prevencion de Riesgos Industriales','10.297.117-5'),(1779,'Nicolas Felix','Nieto Lazo','La Calera','Produccion Fruticola Intensiva y S','18.562.689-k'),(1778,'Paula Alejandra','Escalona Chamorro','Central - Valparaiso','Servicios Turisticos','18.299.838-9'),(1777,'Pedro Andres','Henriquez Morales','Central - Valparaiso','Electricidad','16.501.188-0'),(1776,'Andrea Artemisa','Reyes Araya','La Calera','Produccion Fruticola Intensiva y S','16.539.810-6'),(1775,'Matias Nicolas','Mondaca Muñoz','La Calera','Produccion Fruticola Intensiva y S','18.241.348-8'),(1774,'Karla Carolina','Torres Cisternas','La Calera ','Prevencion de Riesgos Industriales','18.878'),(1773,'Alejandra Patricia','orellana Donoso','La Calera','Prevencion de Riesgos Industriales','18.510.550-4'),(1772,'Cristobal Matias','Romero olivares','La Calera','Produccion Fruticola Intensiva y S','17.634.880-1'),(1771,'Angela Geanette','Valencia Troncoso','La Calera','Produccion Fruticola Intensiva y S','17.367.975-0'),(1770,'Guillermo Enrique','Cardenas Riquelme','La Calera','Produccion Fruticola Intensiva y S','18.510.142-8'),(1769,'Luis Robinson','Valenzuela Diaz','La Calera','Prevencion de Riesgos Industriales','15.102.929-9'),(1768,'Cristian Mauricio ','Jeldes Espinoza','La Calera','Prevencion de Riesgos Industriales','13.361.531-8'),(1767,'Sebastian Andres','Vilches Navarro','La Calera ','Prevencion de Riesgos Industriales','17.209.676-k'),(1766,'Ruben Esteban','Monroy Vasquez','La Calera','Produccion Fruticola','18.659.505-k'),(1765,'Esteban Eduardo','Diaz Maturana','Central - Valparaiso','Electricidad','13.635.319-5'),(1764,'Carlos Alberto','Caroca Vera','Central - Valparaiso','Electricidad','16.142.185-5'),(1763,'Nadia Belen','Aravena Andrade','La Calera','Prevencion de Riesgos Industriales','18.421.523-3'),(1762,'Lilian Marlene','Erazo Campos','La Calera','Prevencion de Riesgos Industriales','15.765.610-4'),(1761,'Isabel Herminia','Fredes Aguilera','La Calera','Prevencion de Riesgos Industriales','17.619.079-5'),(1760,'Yulians Daniel','Minio Garrido','Central - Valparaiso','Servicios Turisticos','18.273.103-k'),(1759,'Jose Manuel ','Vasquez Allende','Central - Valparaiso','Servicios Turisticos','17.141.321-4'),(1758,'Francesca Valentina','Astudillo Ilufi','Central - Valparaiso','Comercio Exterior','17.976.822-4'),(1757,'Ariel Esteban','Navarro Montt','Central - Valparaiso','Transporte','18.035.802-1'),(1756,'Michel Alberto','Silva Gonzalez','Central - Valparaiso','Comercio Exterior','18.553.790-0'),(1755,'Danilo Enrique','Nuñez Vargas','Central - Valparaiso','Prevencion de Riesgos Industriales','13.432.540-2'),(1754,'Yesenia de Lourdes','Manzanares Moya','Central - Valparaiso','Prevencion de Riesgos Industriales','16.103.893-8'),(1753,'Ingrid Angelica','Maturana Pizarro','Central - Valparaiso','Prevencion de Riesgos Industriales','15.078.772-6'),(1752,'Johanna Andrea','Garcia Pardo','Central - Valparaiso','Prevencion de Riesgos Industriales','15.129.965-2'),(1751,'Alejandra Natalia','Aranda Romanque','Central - Valparaiso','Prevencion de Riesgos Industriales','17.013.770-1'),(1750,'Carlos Eduardo','Quevedo Ahumada','Central - Valparaiso','Logistica','10.860.935-4'),(1749,'Roberto Iko','Andaur Rodriguez','Central - Valparaiso','Logistica','9.143.818-6'),(1748,'Rodrigo Alejandro','Alvear Donoso','Central - Valparaiso','Logistica','14.355.568-2'),(1747,'Marcelo Andres','Salgado Huerta','Central - Valparaiso','Logistica','12.957.018-0'),(1746,'Ruben Enrique','Leiva Negrete','Central - Valparaiso','Construccion','17.568.957-5'),(1745,'Jose Eduardo','Fuenzalida Ibacache','Central - Valparaiso','Construccion','12.137.145-6'),(1744,'Marcos Leandro','Arrendondo Arrendondo','Central - Valparaiso','Construccion','17.619.937-7'),(1743,'alvaro Ulises ','orbenes Soto','Central - Valparaiso','Construccion','16.484.918-k'),(1742,'Johonnatan Abraham','Gonzalez Vega','Central - Valparaiso','Construccion','17.160.857-0'),(1741,'Cesar Rodrigo','Zamora alvarez','Central - Valparaiso','Electricidad','12.796.406-8'),(1740,'Andrea de Lourdes','Silva Villarroel','Central - Valparaiso','Prevencion de Riesgos Industriales','10.411.628-0'),(1739,'Catalina Antonia','Viedma Perez','Central - Valparaiso','Prevencion de Riesgos Industriales','18.914.965-4'),(1738,'Lester Hamilton','Figueroa Araya','Central - Valparaiso','Prevencion de Riesgos Industriales','13.332.916-1'),(1737,'Cesar Manuel','Espinoza Vergara','Central - Valparaiso','Electricidad','12.850.983-6'),(1736,'Elvis orlando','Aguirre Lucero','Central - Valparaiso','Electricidad','17.165.294-4'),(1735,'Fernanda Andrea','Espinoza Espinoza ','Central - Valparaiso','Electricidad','17.187.074-7'),(1734,'Rodrigo Renan','Araya olvares','Central - Valparaiso','Electricidad','17.751.675-9'),(1733,'Rafael Manuel','Herrera Rodriguez','Central - Valparaiso','operaciones Portuarias','17.560.390-5'),(1732,'Margarita Marina','Roman Torres','Central - Valparaiso','operaciones Portuarias','16.104.734-1'),(1731,'Jorge Ignacio','Sepulveda Verdugo','Central - Valparaiso','operaciones Portuarias','18.781.554-1'),(1730,'Manuel Alejandro','Briones Cordova','Central - Valparaiso','operaciones Portuarias','10.935.371-k'),(1729,'Carmen Gloria','Pizarro Lopez','La Calera','Prevencion de Riesgos Industriales','16.850.058-0'),(1728,'Evelyn Macarena','Alvarez Alvarez','La Calera','Prevencion de Riesgos Industriales','17.150.643-3'),(1727,'Mario Gaspar','Astorga Vasquez','Central - Valparaiso','Prevencion de Riesgos Industriales','17.805.491-0'),(1726,'Natalia Aurora','Diaz Aro','Central - Valparaiso','Prevencion de Riesgos Industriales','16.106.662-1'),(1725,'Paula Andrea','Llanos Garrido','Central - Valparaiso','Prevencion de Riesgos Industriales','13.635.534-1'),(1724,'Jose Luis','Quiroga Hinojosa','La Calera','Construccion','16.366.112-8'),(1723,'Maria Jose de Los Angeles','Fernandez Verdugo','La Calera','Prevencion de Riesgos Industriales','18.421.440-7'),(1722,'Claudio Andres','Duran Vergara','La Calera','Prevencion de Riesgos Industriales','15.816.858-8'),(1721,'Maria Sandra','Perez Avalos','La Calera','Prevencion de Riesgos Industriales','13.360.180-3'),(1720,'Fabricio Fredy','Craviolato Zamora','La Calera','Construccion','10.514.976-0'),(1719,'Jose Arturo','Cortes Huaiquin','La Calera','Prevencion de Riesgos Industriales','15.093.769-8'),(1718,'Gabriela Francisca','San Martin Aranda','Central - Valparaiso','Comercio Exterior','18.032.689-8'),(1717,'Denisse Mariot','Larrain ossa','Central - Valparaiso','Comercio Exterior','18.564.807-9'),(1716,'Luis Ivan ','Legue Gomez','Central - Valparaiso','Transporte','13.125.033-9'),(1715,'Katherine Daniela','Quilodran ortiz','Central - Valparaiso','Comercio Exterior','13.990.378-1'),(1714,'Emmanuel Antonio','Salinas olguin','Central - Valparaiso','Electricidad','17.635.678-2'),(1713,'Ernesto Antonio','Pinto Castillo','Central - Valparaiso','Prevencion de Riesgos Industriales','11.345.905-0'),(1712,'Alejandra Ximena','Apablaza olguin','Central - Valparaiso','Prevencion de Riesgos Industriales','15.828.243-7'),(1711,'Grixy Marienka','Castillo Carvacho','La Calera','Prevencion de Riesgos Industriales','16.990.415-4'),(1710,'Valeska Fabiola','Castro Barahona','La Calera','Prevencion de Riesgos Industriales','13.541.112-4'),(1709,'Katherine Arlett','Bascuñan olivares','Central - Valparaiso','Asistente Juridico','17.199.799-2'),(1708,'David Israel','Zapata Herrera','Central - Valparaiso','Asistente Juridico','15.703.814-1'),(1707,'Marcelo Andres','Navarro Cortes','Central - Valparaiso','Transporte','17.476.139-6'),(1706,'Marcia Gabriela','Villar Riquelme','Central - Valparaiso','Comercio Exterior','18.266.167-8'),(1705,'Jonatan Daniel','Pizarro Carrasco','Central - Valparaiso','Construccion','18.535.561-6'),(1704,'Jaime Fidel','Correa Molina','Central - Valparaiso','Construccion','13.651.930-1'),(1703,'Yelcin Andrea','oyarce Galvez','Central - Valparaiso','Prevencion de Riesgos Industriales','16.917.281-1'),(1702,'Joshua Nicolas','Lopez Rengifo','Central - Valparaiso','Prevencion de Riesgos Industriales','18.973.791-2'),(1701,'Julio Cesar','Aballay Valencia','La Calera','Prevencion de Riesgos Industriales','16.540.472-6'),(1700,'Diego Ignacio','Polanco Torrijo','Central - Valparaiso','Asistente Juridico','15.075.339-2'),(1699,'Jocelyn Daniela','Pinilla Pinilla','Central - Valparaiso','Asistente Juridico','15.080.218-0'),(1698,'Elena Teresa','Fuentes Torres','Central - Valparaiso','Asistente Juridico','18.236.274-3'),(1697,'Carol Nicole','Vargas Espinoza','Central - Valparaiso','Asistente Juridico','16.968.891-5'),(1696,'Cristian Adrian','Sepulveda Lopez','Central - Valparaiso','Asistente Juridico','16.102.853-3'),(1695,'Ingrid Paola','Campos Muñoz','Central - Valparaiso','Asistente Juridico','14.001.117-7'),(1694,'Norma Flavia','Guerra Ugalde','Central - Valparaiso','Asistente Juridico','11.329.860-k'),(1693,'Diego Felipe','orellana Leon','Central - Valparaiso','Asistente Juridico','17.848.756-6'),(1692,'Andres Eduardo','Espinoza Pizarro','Central - Valparaiso','Asistente Juridico','15.556.560-8'),(1691,'Paula Andrea','Tapia Aguilar','La Calera','Prevencion de Riesgos Industriales','16.401.049-k'),(1690,'Carlos Enrique ','Cordero Saldaño','Central - Valparaiso','Logistica','13.654.825-5'),(1689,'Hernan Andres','Bernal Mena','Central - Valparaiso','Transporte','16.777.055-k'),(1688,'italo Alejandro','Magaña Zamora','Central - Valparaiso','Gestion de Negocios','13.025.587-6'),(1687,'Daniela Paz','Quintana Queupo','Central - Valparaiso','Gestion de Negocios','16.646.061-1'),(1686,'Bayron Andres','Fernandez Flores','La Calera','Construccion','16.523.613-0'),(1685,'Cristian Williams','Zepeda Lopez','La Calera','Prevencion de Riesgos Industriales','18.017.975-5'),(1684,'Rocio Vanessa ','Alvarez Carroza','La Calera','Prevencion de Riesgos Industriales','10.077.894-4'),(1683,'Jessica del Carmen','Maureira Rodriguez','La Calera','Prevencion de Riesgos Industriales','16.400.296-9'),(1682,'Paulina Alejandra','Salomon Paez','Central - Valparaiso','Prevencion de Riesgos Industriales','17.165.293-6'),(1681,'Alfonso Enrique','Garcia Duran','Central - Valparaiso','Prevencion de Riesgos Industriales','18.031.727-9'),(1680,'Fernando Ismael','Suarez Moreno','Central - Valparaiso','Logistica','12.141.844-4'),(1679,'oscar Esteban','Retamales Venegas','Central - Valparaiso','Logistica','15.716.871-1'),(1678,'Julio Antonio','Rojas Vicencio','Central - Valparaiso','Transporte','17.118.399-5'),(1677,'Fredy Alberto','Vidal Fox','Central - Valparaiso','Logistica','13.988.046-3'),(1676,'Alex Adolfo','Serrano Cataldo','Central - Valparaiso','Logistica','13.752.338-8'),(1675,'Juan Jesus ','Alegria Encina','Central - Valparaiso','Construccion','12.228.302-k'),(1674,'Paulo Andres','Henriquez Sepulveda','Central - Valparaiso','Construccion','15.078.801-3'),(1673,'Luis Eduardo','Morgado Madrid','Central - Valparaiso','Construccion','9.838.608-4'),(1672,'Juan Alberto','Gomez Herrera','Central - Valparaiso','Construccion','18.381.180-0'),(1671,'Guillermo Ismael','Carrasco Abarca','Central - Valparaiso','Construccion','9.035.214-8'),(1670,'Giovanni Anthonni','Carmona Quidel','Central - Valparaiso','Construccion','17.161.129-6'),(1669,'Juan Pedro','Taquire Rojas','Central - Valparaiso','Logistica','22.787.868-1'),(1668,'Francesca Eliette','Perez Pujlizevic','Central - Valparaiso','Gestion de Negocios','16.485.157-5'),(1667,'Maria Jose','Melero Castelli','Central - Valparaiso','Gestion de Negocios','15.774.818-1'),(1666,'Natali Francisca ','Chamorro Mendez','Central - Valparaiso','Gestion de Negocios','16.143.280-6'),(1665,'Guillermo Carlos Eduardo','Vallejos Isler','Central - Valparaiso','Logistica','18.582.864-6'),(1664,'Ivonne Michelle','Marin Zulen','Central - Valparaiso','Logistica','18.268.240-3'),(1663,'Barbara Karin','Doren Magna','La Calera','Prevencion de Riesgos Industriales','18.025.002-6'),(1662,'David Ariel','Mendoza Valdivia','Central - Valparaiso','Electricidad','15.771.423-6'),(1661,'Daniel Alejandro','Rojas Baeza','Central - Valparaiso','Prevencion de Riesgos Industriales','15.763.665-0'),(1660,'Nancy Maria','Arriagada Rivera','Central - Valparaiso','Gestion de Negocios','12.448.024-8'),(1659,'Michel Gustavo','Vergara Nieto','Central - Valparaiso','Gestion de Negocios','14.558.022-6'),(1658,'Francisco Javier','Villanueva Peyreblanque','Central - Valparaiso','Gestion de Negocios','14.572.824-k'),(1657,'Samuel Alejandro','Ulloa Espinoza','Central - Valparaiso','Gestion de Negocios','17.805.955-6'),(1656,'Roberto Alfredo','Carrasco Ledesma','Central - Valparaiso','Gestion de Negocios','18.582.542-6'),(1655,'Katalina Anabel','Hernandez Molina','La Calera ','Prevencion de Riesgos Industriales','18.255.807-9'),(1654,'Katrin Fabiola','Villaroel Huerta','La Calera','Prevencion de Riesgos Industriales','15.729.638-8'),(1653,'David Alonso','Cisternas Frias','Central - Valparaiso','Logistica','12.622.355-2'),(1652,'Adolfo Enrique','Sandoval Gutierrez','Central - Valparaiso','Logistica','8.457.781-2'),(1651,'Juan Pablo','Vergara Peralta','Central - Valparaiso','Logistica','13.652.129-2'),(1650,'Javier Enrique','Pino Roman','Central - Valparaiso','Logistica','13.021.880-6'),(1649,'Jose Luis ','olave Muñoz','Central - Valparaiso','Logistica','9.484.144-5'),(1648,'Marcela Andrea','osses Pizarro','La Calera','Prevencion de Riesgos Industriales','13.366.265-0'),(1647,'Luis Sebastian','Neira Abarca','La Calera','Prevencion de Riesgos Industriales','17.984.263-7'),(1646,'Jocelyn Ignacia','Vasquez Aranda','La Calera','Prevencion de Riesgos Industriales','20.878.530-3'),(1645,'Esteban Moises ','Ramirez Muñoz','La Calera','Gestion de Negocios','17.077.616-k'),(1644,'Guillermo Andres','Cordova Delgado','Central - Valparaiso','Gestion de Negocios','14.211.962-5'),(1643,'Camila Francisca ','Zamora Martinez','Central - Valparaiso','Logistica','17.808.620-0'),(1642,'Carolina Estefany','Navarro Molina','Central - Valparaiso','Logistica','18.236.444-4'),(1641,'Patricio Andres','Araya Reyes','Central - Valparaiso','Logistica','17.620.099-5'),(1640,'osvaldo Andres','Lazo Medina','Quillota','Produccion Horticola','18.256.281-5'),(1639,'Fernando Alejandro','Carvajal Figueroa','La Calera','Prevencion de Riesgos Industriales','9.466.244-3'),(1638,'Katerine Andrea','Carcamo Aguilera','La Calera','Prevencion de Riesgos Industriales','16.059.210-9'),(1637,'Farid Emird ','orrego Eltit','La Calera','Prevencion de Riesgos Industriales','18.256.681-0'),(1636,'Juan Antonio','Godinez Lanza','Central - Valparaiso','Transporte','18.917.802-6'),(1635,'John Erick ','Edward Ibaceta Vasquez','Central - Valparaiso','Transporte','16.775.324-8'),(1634,'Andrea Yasmin','Nuñez Marchant','Central - Valparaiso','Transporte','16.487.697-7'),(1633,'Ismael Alberto','Araya Mena','Central - Valparaiso','Prevencion de Riesgos Industriales','16.234.169-3'),(1632,'Alexis Marcelo','Burgos Flores','Central - Valparaiso','Logistica','17.643.258-6'),(1631,'Emilio Humberto','Diaz Morales','Central - Valparaiso','Logistica','13.999.056-0'),(1630,'Eugenio Andres','Perez Vega','Central - Valparaiso','Logistica','14.457.433-8'),(1629,'Victor Javier','Donoso Barrera','Central - Valparaiso','Logistica','9.299.222-5'),(1628,'Felipe Ignacio','Mancilla Gonzalez','Central - Valparaiso','Logistica','16.486.797-8'),(1627,'Moises Alejandro','Figueroa Escobar','Central - Valparaiso','Logistica','16.652.738-4'),(1626,'Kevin Jimmy','Romero Mesias','Central - Valparaiso','Logistica','19.012.231-k'),(1625,'Geovanni Leandro','Pontio Carvajal','Central - Valparaiso','Logistica','17.144.345-8'),(1622,'Fabian Eduardo ','Farias olivares','La Calera','Prevencion de Riesgos Industriales','11.180.824-4'),(1621,'Viviana Estefania','Cortes Aravena','La Calera','Prevencion de Riesgos Industriales','18.879.171-9'),(1620,'Claudio Javier','Trincado Barraza','La Calera','Prevencion de Riesgos Industriales','18.240.342-3'),(1619,'Ximena Valeska','Gonzalez Gonzalez','La Calera','Prevencion de Riesgos Industriales','10.219.748-8'),(1618,'Yanina Loreto Ignacia','Elordi Godoy','La Calera','Prevencion de Riesgos Industriales','17.752.009-8'),(1617,'Manuel Alejandro ','Perez Aguilera','La Calera','Prevencion de Riesgos Industriales','16.889.410-4'),(1616,'Ingrid Estefania','Caballero Cabrera','La Calera','Prevencion de Riesgos Industriales','18.420.732-k'),(1615,'Carla Daniela','Gamboa Castillo','La Calera','Prevencion de Riesgos Industriales','17.077.949-5'),(1614,'Leonardo Andres','Villalon Moraga','Central - Valparaiso','Transporte','12.033.170-1'),(1613,'Tamara Ximena','Herrera Vega','Central - Valparaiso','Transporte','18.270.270-6'),(1612,'Paulina Francisca ','Aguilar Maldonado','Central - Valparaiso','Transporte','17.273.308-5'),(1611,'Luna','Jara Chavez','Central - Valparaiso','Transporte','15.776.713-5'),(1610,'Daniela Alejandra','Lopez Arancibia','La Calera','Prevencion de Riesgos Industriales','17.355.049-9'),(1609,'Catalina Makarena','Delgado Gonzalez','La Calera','Prevencion de Riesgos Industriales','17.619.016-7'),(1608,'Maria Soledad','olivares Lopez','La Calera','Prevencion de Riesgos Industriales','15.096.753-8'),(1607,'Hugo Antonio','Celedon Urbina','Central - Valparaiso','Construccion','15.762.918-2'),(1606,'Nicol Alejandra','Brito Leiva','La Calera','Prevencion de Riesgos Industriales','16.539.709-6'),(1605,'Elias Moises','Castro Curguan','Central - Valparaiso','Construccion','16.490.844-5'),(1604,'Paola Alejandra','Faundez Novoa','Central - Valparaiso','Prevencion de Riesgos Industriales','12.224.721-k'),(1603,'Andres Anselmo','Carcamo Parada','Central - Valparaiso','Transporte','12.450.322-9'),(1602,'Gustavo Adolfo','Cortes Guzman','Central - Valparaiso','Electricidad','14.590.722-5'),(1601,'Carlos Gonzalo','Hernandez Martinez','Central - Valparaiso','Comercio Exterior','13.918.208-1'),(1600,'Jorge Javier','Martinez Cabrera','Central - Valparaiso','Construccion','12.050.019-8'),(1599,'Francisca Paz','Navarro Maya','Central - Valparaiso','Prevencion de Riesgos Industriales','15.719.077-6'),(1598,'Angel Enrique','Vergara Alfaro','Central - Valparaiso','Prevencion de Riesgos Industriales','18.743.433-5'),(1597,'Jeremias Esteban','Gonzalez Hormazabal','La Calera','Construccion','12.966.345-6'),(1596,'Miguel Alejandro','Henriquez Acevedo','Central - Valparaiso','Ventas y Retail','16.635.996-1'),(1595,'Daniel Patricio','Godoy Ferrada','Central - Valparaiso','Construccion','17.771.912-9'),(1594,'Miguel Angel','Lara Lara','Central - Valparaiso','Construccion','12.115.270-3'),(1593,'Jose Manuel','Saavedra Ibaceta','La Calera','Prevencion de Riesgos Industriales','15.999.874-6'),(1592,'Giselle Emilia','Marin Riffo','Central - Valparaiso','Servicios Turisticos','18.552.322-5'),(1591,'Andres Danilo','Rivas Sanchez','Central - Valparaiso','Logistica','10.393.819-8'),(1590,'Juan Pablo','Nuñez Arancibia','Central - Valparaiso','Comercio Exterior','14.918.346-9'),(1589,'Ignacio Javier','Vignola Vergara','La Calera','Produccion Horticola','18.398.822-0'),(1587,'Ruben Alejandro','Galarce Escalante','La Calera','Prevencion de Riesgos Industriales','16.287.750-k'),(1586,'Vernie Javier','olivares Valencia','La Calera','Prevencion de Riesgos Industriales','16.834.829-0'),(1585,'Lizethe Fabiola','Gallardo Arenas','La Calera','Prevencion de Riesgos Industriales','16.332.116-5'),(1584,'Javiera Alejandra','Arrendondo orellana','La Calera','Prevencion de Riesgos Industriales','18.118.035-8'),(1583,'Catherine Andrea','Arancibia Ahumada','La Calera','Produccion Horticola Intensiva y S','17.688.726-5'),(1582,'Emilio Jose','olivares Robledo','La Calera','Construccion','15.093.429-k'),(1581,'Paloma Belen','Herrera Gonzalez','Central - Valparaiso','Servicios Turisticos','16.210.618-k'),(1580,'Carlo Alexander','Veragua Huenumil','Central - Valparaiso','Prevencion de Riesgos Industriales','17.432.442-5'),(1579,'Marcelo Patricio','Cornejo Peñalillo','Central - Valparaiso','Construccion','13.542.816-7'),(1578,'Francisco Javier','Toledo Vergara','Central - Valparaiso','Construccion','17.161.489-9'),(1577,'Tiharel Nicol ','Novoa Carvajal','Central - Valparaiso','Construccion','16.886.919-3'),(1576,'Daniela Andrea ','Cuevas Cespedes','Central - Valparaiso','Asistente Juridico','16.800.761-2'),(1575,'Jenny Roxana','Cordova Quevedo','Central - Valparaiso','Asistente Juridico','10.804.504-3'),(1574,'Jonathan Benjamin','Gonzalez Rubina','Central - Valparaiso','Electricidad','13.999.351-9'),(1573,'Carlos Alberto','Berrocal Vargas','Central - Valparaiso','Electricidad','9.193.770-0'),(1572,'Fernando Daniel','Araya Cavieres','Central - Valparaiso','Electricidad ','14.530.720-1'),(1571,'Ivan Antonio','Huerta Cornejo','Central - Valparaiso','Electricidad','14.012.039-1'),(1570,'Miguel Aaron','Puebla Masso','Central - Valparaiso','Prevencion de Riesgos Industriales','16.753.670-0'),(1569,'Richard Alberto','Rojas orellana','Central - Valparaiso','Gestion de Negocios','14.568.502-8'),(1568,'Luis Javier','Beiza Alvarado','Central - Valparaiso','Logistica ','16.753.800-2'),(1567,'Scarlet Alexandra','Ponce Leon','Central - Valparaiso','Servicios Turisticos','18.381.792-2'),(1566,'Nadia del Carmen','Gonzalez Vasquez','Central - Valparaiso','Servicios Turisticos','16.989.012-9'),(1565,'Marco Antonio','Caldera Barrientos','Central - Valparaiso','Servicios Turisticos','15.580.755-5'),(1564,'Raisa Nicor','olmos Soto','Central - Valparaiso','Servicios Turisticos','17.993.708-5'),(1563,'Carlos Alfonso','Rosas Antilef','Central - Valparaiso','Servicios Turisticos','16.526.275-1'),(1562,'Belen Alexandra','Castro Caro','Central - Valparaiso','Servicios Turisticos','18.795.833-4'),(1561,'Pablo Andres','Garcia Morales','La Calera','Prevencion de Riesgos Industriales','12.952.830-3'),(1560,'Paulina Angelica','Chacon Torneria','La Calera','Produccion Fruticola','16.565.417-k'),(1559,'Sergio Javier','Alliende Balbontin','Central - Valparaiso','Prevencion de Riesgos Industriales','8.018.905-2'),(1558,'Ricardo Andres','ojeda Vidal','Central - Valparaiso','Prevencion de Riesgos Industriales','13.322.366-5'),(1557,'Jeremias Lemuel','Roa Fuenzalida','Central - Valparaiso','Electricidad ','18.272.950-7'),(1556,'Johanna Andrea','Valverde Martinez','Central - Valparaiso','Electricidad','13.999.907-k'),(1555,'Yovanka Antonia','Barrera Paoa','Central - Valparaiso','Comercio Exterior','10.724.445-k'),(1554,'Vanessa Alejandra','Benavides Zamora','La Calera','Prevencion de Riesgos Industriales','18.359.017-0'),(1553,'Ana Patricia','Espinoza Vergara','La Calera','Prevencion de Riesgos Industriales','15.094.077-k'),(1552,'Luby Soledad','Castro Carriel','Central - Valparaiso','Servicios Turisticos','18.584.447-1'),(1551,'Claudia Evelyn','Palacios Fernandez','Central - Valparaiso','Servicios Turisticos','13.991.114-k'),(1550,'Susana Isabel','Rojas Sariego','Central - Valparaiso','Servicios Turisticos','18.271.414-3'),(1549,'Valentina Elizabeth','Fonseca Cataldo','Central - Valparaiso','Servicios Turisticos','17.162.398-7'),(1548,'Diana odette','Barrera Alarcon','Central - Valparaiso','Servicios Turisticos','16.814.548-9'),(1547,'Nataly Karen','Ponce Molina','Central - Valparaiso','Servicios Turisticos','16.235.542-2'),(1546,'Enrique Daniel','Ahumada Tapia','Central - Valparaiso','Gerstion de Negocios','16.260.511-9'),(1545,'Ignacio Hernan ','Roman Araya','Central - Valparaiso','Logistica','17.118.403-7'),(1544,'Julio Damian','Ibarra Sanchez','Central - Valparaiso','Gestion de Negocios','15.130.036-7'),(1543,'Erick Alberto','Carmona Cerda','Central - Valparaiso','Logistica','18.565.517-2'),(1542,'Miguel Angel','Tubio Ravanal','Central - Valparaiso','Logistica','11.676.983-2'),(1541,'Alex Eduardo','Miranda Cruz','Central - Valparaiso','Gestion de Negocios','10.073.846-5'),(1540,'Jorge Alejandro','Rojo Moyano','Central - Valparaiso','Logistica','13.767.524-2'),(1539,'Franciesca Alejandra','Cortes alvarez','Central - Valparaiso','Gestion de Negocios','16.778.042-3'),(1538,'Marcial Alejandro','San Martin Navarro','Central - Valparaiso','Gestion de Negocios','10.931.359-9'),(1537,'Ruddy Herman','Putlitz Lillo','Central - Valparaiso','Gestion de Negocios','13.650.551-3'),(1536,'Pamela Susana','Valenzuela Torrejon','Central - Valparaiso','Asistente Juridico','13.635.116-8'),(1535,'Marjorie Antonella','olmos Saavedra','Central - Valparaiso','Asistente Juridico','18.271.138-1'),(1534,'Jaime Arturo','Vasquez Morales','Central - Valparaiso','Transporte','17.627.522-7'),(1533,'Paola Andrea','Torres Sarmiento','Central - Valparaiso','Prevencion de Riesgos Industriales','15.950.571-5'),(1532,'Sebastian Ignacio','Aracena Encina','Central - Valparaiso','Prevencion de Riesgos Industriales','16.989.673-9'),(1531,'Alexandra Carolina','Genesis Cortez Frez','La Calera','Prevencion de Riesgos Industriales','18.256.791-4'),(1530,'Johanna Eliizabeth','Salinas Cordova','La Calera','Prevencion de Riesgos Industriales','17.113.001-8'),(1529,'Michel Andre','Miranda Carmona','Central - Valparaiso','Prevencion de Riesgos Industriales','13.989.988-1'),(1528,'Bastian Alejandro','Leri Rodriguez','Central - Valparaiso','operaciones Portuarias','18.553.200-3'),(1527,'Karen Priscilla','Martinez Cerda','Central - Valparaiso','operaciones Portuarias','17.814.762-5'),(1526,'Daniela Paz','Miranda Balladares','Central - Valparaiso','operaciones Portuarias','18.032.334-1'),(1525,'Ariel Ramirez ','Hormazabal','Central - Valparaiso','operaciones Portuarias','17.619.110-4'),(1524,'Alex Arturo','Ramirez Vilches','Central - Valparaiso','operaciones Portuarias','18.565.953-4'),(1502,'Daniel Ignacio','ossandon Arancibia','La Calera','Prevencion de Riesgos Industriales','16.289.125-1'),(1501,'Katherine Andrea','Mutis Villalon','Quillota','Prevencion de Riesgos Industriales','16.106.980-9'),(1500,'Horacio Eduardo','oyanedel olivares','La Calera','Prevencion de Riesgos Industriales','17.077.965-7'),(1499,'Brayan Alexis','Miranda Payacan','Quillota','Prevencion de Riesgos Industriales','17.618.343-8'),(1498,'Camilo Andres','Gomez Toro','La Calera','Construccion','17.210.445-2'),(1497,'Giselle Rosa ','Donoso Henriquez','Central - Valparaiso','Asistente Juridico','18.565.669-3'),(1496,'Lilet Cecilia','Farias Hidalgo','Central - Valparaiso','Asistente Juridico','13.651.246-3'),(1495,'Katherine Constanza','Valladares Gomez','Central - Valparaiso','Asistente Juridico','18.566.286-1'),(1494,'Matias Feliciano','Gonzalez Gonzalez','Central - Valparaiso','Prevencion de Riesgos Industriales','16.500.133-8'),(1493,'Valeria Ivonne ','Figueroa Vargas','Central - Valparaiso','Prevencion de Riesgos Industriales','13.991.896-7'),(1492,'Ricardo Marcelo','Cortes Antilef','Central - Valparaiso','Prevencion de Riesgos Industriales','15.792.742-6'),(1491,'Anyinette Maryorie','Ventura Melendez','Central - Valparaiso','Asistente Juridico','16.488.450-3'),(1490,'Maribel Jazmin','Gomez Arancibia','Central - Valparaiso','Asistente Juridico','17.804.958-5'),(1489,'Evelyn Lorena','Garcia Pardo','Central - Valparaiso','Asistente Juridico','17.154.737-7'),(1488,'Joselyn Eliana ','Montoya Silva','Central - Valparaiso','Asistente Juridico','16.103.798-2'),(1487,'Alexandra Brunella','Sologuren Caceres','Central - Valparaiso','Prevencion de Riesgos Industriales','16.697.937-1'),(1486,'Emerson Sebastian Fernand','Blest Navia','La Calera','Prevencion de Riesgos Industriales','17.736.254-9'),(1485,'Romina Belen','Allimant Saavedra','Quillota','Prevencion de Riesgos Industriales','17.996.032-k'),(1484,'Joselin Alejandra','Solis olivares','Central - Valparaiso','Prevencion de Riesgos Industriales','16.540.083-6'),(1483,'Matias Andres','Chaparro Jeria','La Calera','Prevencion de Riesgos Industriales','17.984.277-7'),(1482,'Yasser omar','Franco','Central - Valparaiso','Prevencion de Riesgos Industriales','14.605.866-3'),(1481,'Fernando Javier','Naranjo Muñoz','Central - Valparaiso','Prevencion de Riesgos Industriales','16.105.446-1'),(1480,'Mauricio Andres','Gonzalez Romero','Central - Valparaiso','Prevencion de Riesgos Industriales','13.428.672-5'),(1479,'Jorge Elias ','Aguilera Arancibia','Central - Valparaiso','Prevencion de Riesgos Industriales','14.351.660-1'),(1478,'Jonathan Jesus','ovando Evar','Central - Valparaiso','Prevencion de Riesgos Industriales','17.568.352-6'),(1477,'Jose Luis ','Bernal Bustamante','Central - Valparaiso','Prevencion de Riesgos Industriales','13.540.023-8'),(1476,'Hugo Amaro','osorio Vergara','Central - Valparaiso','Prevencion de Riesgos Industriales','18.564.041-8'),(1475,'Alejandro Arturo','Prieto Schampke','Central - Valparaiso','Prevencion de Riesgos Industriales','10.506.380-6'),(1474,'Mauricio Antonio','Valenzuela Gonzalez','Central - Valparaiso','Prevencion de Riesgos Industriales','17.857.222.9'),(1473,'Ariel Rodrigo','Jordan Bustos','Central - Valparaiso','Prevencion de Riesgos Industriales','13.228.981-6'),(1472,'Ariel Guillermo','Poblete Barriento','Central - Valparaiso','Prevencion de Riesgos Industriales','16.264.292-8'),(1471,'Natividad del Carmen','Pino Aguilera','Central - Valparaiso','Prevencion de Riesgos Industriales','16.482.716-k'),(1470,'Melisa Andrea','Parra Burgos','Central - Valparaiso','Prevencion de Riesgos Industriales','18.201.609-8'),(1469,'Cinthya Johanna','Verasay Fuentes','Central - Valparaiso','Prevencion de Riesgos Industriales','13.358.345-9'),(1468,'Arline Angelica','Gonzalez Tricot','Central - Valparaico','Prevencion de Riesgos Industriales','16.968.622-k'),(1467,'Leonel Marcelo','orrego Zambra','Central - Valparaiso','Prevencion de Riesgos Industriales','18.381.532-6'),(1466,'Sonia Marlene ','Guerrero Nuñez','Central - Valparaiso','Prevencion de Riesgos Industriales','17.119.948-4'),(1465,'Aldo Franco','Espinoza Monsalve','Central - Valparaiso','Prevencion de Riesgos Industriales','17.983.571-1'),(1464,'Carlos Patricio','Bravo Bustos','Central - Valparaiso','Prevencion de Riesgos Industriales','15.004.246-1'),(1463,'Juan Esteban','Medina Matus','Central - Valparaiso','Prevencion de Riesgos Industriales','14.336.766-5'),(1462,'Marcelo Leandro','Sepulveda Trevia','Central - Valparaiso','Prevencion de Riesgos Industriales','17.118.153-4'),(1461,'Ninoska Elena','Bustos Aguilar','Central - Valparaiso','Prevencion de Riesgos Industriales','17.473.322-8'),(1460,'Renzo Antonio','Guarda olivares','Central - Valparaiso','Prevencion de Riesgos Industriales','17.353.461-2'),(1459,'Jehitani Darinka del Rosa','Panelli Godoy','Central - Valparaiso','Prevencion de Riesgos Industriales','18.032.805-k'),(1458,'Marjorie Romanet','Rodriguez Jaña','Central - Valparaiso','Prevencion de Riesgos Industriales','16.776.768-0'),(1457,'Alexandra Estefania','ortiz Gomez','Central - Valparaiso','Prevencion de Riesgos Industriales','17.817.004-k'),(1456,'Cristian Andres','Diaz GIl','Central - Valparaiso','Prevencion de Riesgos Industriales','17.983.403-0'),(1455,'Francisco Javier','Araya Araya','Central - Valparaiso','Prevencion de Riesgos Industriales','17.805.997-1'),(1454,'David Esteban','Gallegos Canales','Central - Valparaiso','Prevencion de Riesgos Industriales','15.076.022-4'),(1453,'Nicole Alexandra','Cordova Lagos','Central - Valparaiso','Prevencion de Riesgos Industriales','18.980.328-1'),(1452,'Jonathan Humberto','Mura Guzman','Central - Valparaiso','Prevencion de Riesgos Industriales','18.563.459-0'),(1451,'Daniela odette','Bustamente Tagle','Central - Valparaiso','Prevencion de Riesgos Industriales','18.033.122-0'),(1450,'Ignacio Rojas','Mateluna Rojas','Central - Valparaiso','Servicios Turisticos','16.500.686-0'),(1449,'Hermann Byron','Reyes Fingerhut','Central - Valparaiso','Servicios Turisticos','16.664.532-8'),(1448,'Rossemary Alejandra','Arancibia Valladares','Central - Valparaiso','Servicios Turisticos','17.481.243-8'),(1447,'Bastian Alejandro','Nunez Gallardo','Central - Valparaiso','Servicios Turisticos ','17.480.488-5'),(1446,'Francisca Estefany','Videla Lopez','Central - Valparaiso','Servicios Turisticos','17.857.781-6'),(1444,'Carlos Herbet','Espinoza Portilla','Central - Valparaiso','Electricidad','9.222.603-4'),(1443,'Maritza Alejandra','Aguilera Verdejo','Central - Valparaiso','Transporte','16.502.235-1'),(1442,'Eleazar Alejandro','Hinojosa Labrin','Central - Valparaiso','Prevencion de Riesgos Industriales','17.754.089-7'),(1441,'Cristian Felipe','Nuñez Carreras','Central - Valparaiso','Prevencion de Riesgos Industriales','17.142.775-4'),(1440,'Cheriff Alegria','Nelson Horacio','Central - Valparaiso','Prevencion de Riesgos Industriales','10.038.666-6'),(1418,'Yeilin Valery','Avendaño Reyes','Central - Valparaiso','Servicios Turisticos','13.650.635-8'),(1417,'Marcela Alejandra','Paredes Cardenas','Central - Valparaiso','Gestion de Negocios','12.650.421-7'),(1416,'Wilma Alejandra ','Vega Cardenas','Central - Valparaiso','Asistente Juridico','13.365.969-2'),(1415,'Mariela Estefany','Montecinos Zamora','Central - Valparaiso','Comercio Exterior','18.564.771-4'),(1414,'Francisco Javier','Valle Quiñones','Central - Valparaiso','Comercio Exterior','15.683.389-4'),(1413,'Javiera Belen','Riquelme Arancibia','Central - Valparaiso','Comercio Exterior','18.382.326-4'),(1412,'Jeraldin Nadia','Contreras Silva','Central - Valparaiso','Comercio Exterior','17.568.918-4'),(1411,'Luis Alejandro','Lopez Arenas','Central - Valparaiso','operaciones Portuarias','17.162.119-4'),(1410,'Victoria Daniela','Silva Vicencio','Central - Valparaiso','operaciones Portuarias','18.554.363-3'),(1409,'Diego Ignacio','Diaz Gil','Central - Valparaiso','operaciones Portuarias','17.983.402-2'),(1408,'Esteban Moises','Fuentes ortega','Central - Valparaiso','operaciones Portuarias','18.547.218-3'),(1407,'Scarlett Berenice','Cardenas Araya','Central - Valparaiso','operaciones Portuarias','17.804.799-k'),(1406,'German Andres','Alzamora Valdes','Central - Valparaiso','Transporte','15.719.433-k'),(1405,'Yasmina olga','Leiva Hamel','La Calera','Prevencion de Riesgos Industriales','11.732.256-4'),(1404,'Johana del Carmen','Torres Aedo','La Calera','Prevencion de Riesgos Industriales','13.986.335-6'),(1403,'Luis Raul','Rojas Zepeda','Central - Valparaiso','Prevencion de Riesgos Industriales','16.058.577-3'),(1402,'Jamies Leslie ','Sanduay Cofre','Quillota','Gestion de Negocios','15.729.548-9'),(1401,'Valentina Dominic','Ibacahe Arancibia','Central - Valparaiso','Prevencion de Riesgos Industriales','18.256.066-9'),(1400,'Carola Pamela','Briones Hernandez','La Calera','Prevencion de Riesgos Industriales','13.365.009-1'),(1399,'Angela Monserrat','Vasquez Arancibia','La Calera','Prevencion de Riesgos Industriales','16.058.346-0'),(1398,'Marcos Javier','Prospero','La Calera','Prevencion de Riesgos Industriales','14.705.013-5'),(1376,'Rodrigo Miguel','Carrasco Vergara','Central - Valparaiso','Construccion','16.106.600-1'),(1375,'Karina Veronica','Rozas Saavedra','Central - Valparaiso','Turismo','15.967.287-5'),(1374,'Cinthya Lizette','Caceres Hidalgo','Central - Valparaiso','Logistica','16.500.689-5'),(1373,'Daniel Marcelo','Castro Mondaca','Central - Valparaiso','Servicios Turisticos','10.043.506-3'),(1372,'Paulina Belen ','Nuñez Gallardo','Central - Valparaiso','Servicios Turisticos','18.380.052-3'),(1371,'Jocelyn Angelica','Santibanez Lazo','Central - Valparaiso','Servicios Turisticos','16.415.450-5'),(1370,'Diania Tamara','Lopez Roldan','Central - Valparaiso','Servicios Turisticos','17.479.825-7'),(1369,'Karen Cecilia','Jimenez Villaroel','Central - Valparaiso','Servicios Turisticos','12.824.672-k'),(1368,'Carlos Andres','Alvarado Cueto','Central - Valparaiso','Transporte','17.751.752-6'),(1367,'Luis Esteban','Flores Silva','Central - Valparaiso','Comercio Exterior','18.271.345-7'),(1366,'Felipe Ignacio','Valdebenito Peña','Central - Valparaiso','Gestion de Negocios','15.948.957-4'),(1365,'Bryan Enrique','Vicencio Pizarro','Central - Valparaiso','Gestion de Negocios','18.271.113-6'),(1364,'Sonia del Carmen','Hermosilla Albornoz','Central - Valparaiso','Logistica','11.623.325-8'),(1363,'Jocelyn Macarena','Muñoz Ruiz','Central - Valparaiso','Prevencion de Riesgos Industriales','17.142.286-8'),(1362,'Tamara Adriana','Salgado Cofre','Central - Valparaiso','Prevencion de Riesgos Industriales','16.814.306-0'),(1361,'David Exquiel','Vasquez San Martin','Central - Valparaiso','Prevencion de Riesgos Industriales','17.163.107-7'),(1360,'Marcos Fabian','Toledo Roman','Central - Valparaiso','Prevencion de Riesgos Industriales','16.887.880-k'),(1359,'Aquiles Cesar','Pandelara Rodriguez','Central - Valparaiso','Prevencion de Riesgos Industriales','13.020.997-1'),(1358,'Karem Jocelyn','Gonzalez Garnahm','Central - Valparaiso','Logistica','15.075.000-8'),(1357,'Emilio Esteban','Hidalgo Diaz','Central - Valparaiso','Comercio Exterior','16.971.783-4'),(1356,'Ian Boris','Silva Salgado','Central - Valparaiso','Prevencion de Riesgos Industriales','15.717.915-2'),(1355,'Luz Maria','Estay Herrera','Central - Valparaiso','Prevencion de Riesgos Industriales','13.996.891-3'),(1354,'Sebastian Eduardo','Villalobos Leon','Central - Valparaiso','Gestion de Negocios','17.161.453-8'),(1353,'Viviana Alejandra','Estay orrego','Central - Valparaiso','Gestion de Negocios','13.995.373-8'),(1352,'Barbara Rocio','Grez Sepulveda','Central - Valparaiso','Comercio Exterior','18.036.965-1'),(1351,'Gonzalo Nicolas','Guerrero Garcia','Central - Valparaiso','Electricidad','18.034.863-8'),(1350,'Camilo Andres','Vargas Bernal','Central - Valparaiso','Electricidad','17.791.853-9'),(1349,'Rafael Felipe','del Rio Contreras','La Calera','Produccion Fruticola Intenstiva y ','18.511.793-6'),(1348,'Carlos Javier','Figueroa Varas','Central - Valparaiso','Logistica','18.271.341-4'),(1347,'Patricio Ignacio ','Castro Quiñones','Central - Valparaiso','Gestion de Negocios','17.162.699-4'),(1346,'Marisol del Carmen','Arenas Cano','Central - Valparaiso','Transporte','17.983.418-9'),(1345,'Felipe Esteban','Salazar Gonzalez','Central - Valparaiso','Transporte','17.355.029-4'),(1344,'Constanza Andrea','Cabello Villegas','Central - Valparaiso','Transporte','18.033.832-2'),(1343,'Jonathan Antonio','Zuñiga Polanco','Central - Valparaiso','Prevencion de Riesgos Industriales','15.949.733-k'),(1342,'Hector Enrique','Molina Riffo','La Calera','Construccion','8.495.801-8'),(1341,'Sylvia Lorena','olave Vergara','Central - Valparaiso','Prevencion de Riesgos Industriales','17.560.332-8'),(1340,'Kinberli Yesenia','Nanjari Duran','Central - Valparaiso','Servicios Turisticos','18.259.465-2'),(1339,'Juan Alfonso','Leon Herrera','Central - Valparaiso','Servicios Turisticos','10.998.202-4'),(1338,'Patricio Ariel','Perez Aravena','La Calera','Prevencion de Riesgos Industriales','13.762.980-1'),(1337,'Estephanie Valeria','Toro Saldaño','Central - Valparaiso','Gestion de Negocios','17.995.199-1'),(1336,'Ivan Mauricio','oyarzo Villablanca','Central - Valparaiso','Turismo','14.153.086-0'),(1314,'Mario Fidel ','Anza Saire','Central - Valparaiso','Electricidad','8.095.421-2'),(1313,'Jorge Eduardo','Escandor Valderas','Central - Valparaiso','Gestion de Negocios','15.959.318-5'),(1312,'Argelia de Monserrat','Peña Bobadilla','Central - Valparaiso','Prevencion de Riesgos Industriales','19.201.341-0'),(1311,'Andrea Catalina','oyarzun Cintolesi','Central - Valparaiso','Prevencion de Riesgos Industriales','15.851.956-9'),(1310,'Patricia Veruska','Lopez Ibacache','Central - Valparaiso','Prevencion de Riesgos Industriales','14.588.373-3'),(1309,'Gonzalo Alonso','Araya Muñoz ','Central - Valparaiso','Prevencion de Riesgos Industriales','17.478.026-9'),(1308,'Jonathan Alexander','Peña Emparan','Central - Valparaiso','Prevencion de Riesgos Industriales','13.765.929-8'),(1307,'Alejandra Viviana','olmedo Paterson','Central - Valparaiso','Prevencion de Riesgos Industriales','17.203.502-7'),(1306,'Estibaly Belinda','Baez Albornoz','Central - Valparaiso','Prevencion de Riesgos Industriales','16.775.847-9'),(1305,'Diego Antonio','Villaroel Araos','Central - Valparaiso','Prevencion de Riesgos Industriales','18.236.579-3'),(1304,'Gunther Renato','Torres Carmona','Central - Valparaiso','Prevencion de Riesgos Industriales','17.804.970-4'),(1303,'Alvaro Rigoberto','Gatica Aravena','Central - Valparaiso','Prevencion de Riesgos Industriales','17.944.833-5'),(1302,'Raul Esteban','Diaz Torres','Central - Valparaiso','Prevencion de Riesgos Industriales','16.320.833-4'),(1301,'Daniela Angelina','Puelpan Puccio','Central - Valparaiso','Prevencion de Riesgos Industriales','16.970.691-3'),(1300,'Catalina Elizabeth','Poblete Jabre','Central - Valparaiso','Prevencion de Riesgos Industriales','16.501.370-0'),(1299,'Katherine Leeslye','Peña Emparan','Central - Valparaiso','Prevencion de Riesgos Industriales','13.427.272-4'),(1298,'Juan Antonio','Catalan Ampuero','Central - Valparaiso','Prevencion de Riesgos Industriales','14.607.605-k'),(1297,'Paulina Alejandra','Ampuero Ruiz','Central - Valparaiso','Prevencion de Riesgos Industriales','18.148.974-k'),(1296,'Khevin Roger','Allendes Aranguiz','Central - Valparaiso','Prevencion de Riesgos Industriales','17.566.831-4'),(1295,'Rita Paola','Roman ortega','Central - Valparaiso','Gestion de Negocios','17.806.392-8'),(1294,'Mauricio Andres','Vergara Ponce','Central - Valparaiso','Prevencion de Riesgos Industriales','18.552.389-6'),(1293,'Joselyn Carolina','Solis Novoa','Central - Valparaiso','Prevencion de Riesgos Industriales','16.664.842-4'),(1292,'Allan Rodrigo','Salazar Chavez','Central - Valparaiso','Prevencion de Riesgos Industriales','16.501.225-9'),(1291,'Jorge Hans ','Vila Rodriguez','Central - Valparaiso','Prevencion de Riesgos Industriales','15.714.447-3'),(1290,'Angelo Esteban','Guajardo Villar','Central - Valparaiso','Prevencion de Riesgos Industriales','17.807.388-5'),(1289,'Rodrigo Andres','Alegria Galvez','Central - Valparaiso','Prevencion de Riesgos Industriales','17.439.543-8'),(1288,'Katherine Andrea','Hernandez Rivera','Central - Valparaiso','operaciones Portuarias','16.776.523-8'),(1287,'Cristian Radames','Casanova Gonzalez','Central - Valparaiso','operaciones Portuarias','13.147.745-7'),(1286,'Luis Alejandro','Arranguiz Pino','Central - Valparaiso','Gestion de Negocios','9.043.255-9'),(1285,'Elva Constanza','Mendoza Reyes','Central - Valparaiso','Gestion de Negocios','17.142.198-5'),(1284,'Giafar Said','Deij Diaz','Central - Valparaiso','Transporte','16.813.145-3'),(1283,'Jonathan Jesus','Vega Aguilera','Central - Valparaiso','Transporte','18.270.048-7'),(1282,'Carlos Javier','Diaz Basualto','Central - Valparaiso','Transporte','16.486.933-4'),(1281,'Alexis Antonio','Pacheco Cerda','Central - Valparaiso','Transporte','17.141.707-4'),(1280,'Lisett Daniela','Araya Gonzalez','Central - Valparaiso','Transporte','15.556.334-6'),(1279,'Daniela Solange','Vargas Poblete','Central - Valparaiso','Comercio Exterior','17.141.732-5'),(1278,'Francisco Javier','Shuman Barraza','Central - Valparaiso','Comercio Exterior','16.502.543-1'),(1277,'Maria Magdalena','Rojas Marin','Central - Valparaiso','Comercio Exterior','12.720.026-2'),(1276,'Javier Hernan','Piaggio Marchant','Central - Valparaiso','Comercio Exterior','12.850.611-k'),(1275,'Natalia del Carmen','Diaz Diaz','Central - Valparaiso','Comercio Exterior','16.068.326-0'),(1274,'Gonzalo Rodrigo','Concha Riveros','Central - Valparaiso','Comercio Exterior','9.756.471-k'),(1273,'Katherine Michelle','Benitez Cabello','Central - Valparaiso','Comercio Exterior','17.806.467-3'),(1245,'Hans Erik','Veas Escarate','Central - Valparaiso','Construccion','17.475.085-8'),(1244,'Andres Francisco','Pulgar Cisternas','Central - Valparaiso','Electricidad','17.978.232-4'),(1243,'Raul Alejandro','Claveria Farias','Central - Valparaiso','Electricidad','16.230.751-7'),(1242,'Sebastian Ignacio','Cisternas Lepe','Central - Valparaiso','Electricidad','17.808.058-k'),(1241,'Ronald Rodrigo','Bravo Solar','Central - Valparaiso','Electricidad','18.257.807-k'),(1240,'Milenko Rafael','Von Hrromada','Central - Valparaiso','Electricidad','17.481.037-0'),(1239,'Americo Arturo','Aravena Pinto','Central - Valparaiso','Electricidad','13.547.394-4'),(1238,'Andy Ronald','Erices Barrera','Central - Valparaiso','Electricidad','15.270.570-0'),(1237,'David Marcelo','Veas Saavedra','Central - Valparaiso','Comercio Exterior','17.473.047-4'),(1236,'Yesica Ivone','Lillo Figueroa','Central - Valparaiso','Transporte','11.620.823-7'),(1235,'Rodrigo Andres','Alcarruz Astudillo','Central - Valparaiso','Transporte','13.995.356-8'),(1234,'Manuel Andres','Ahumada Muñoz','Central - Valparaiso','Transporte','18.380.272-0'),(1233,'Yaritza del Carmen','Flores Mancilla','Central - Valparaiso','Prevencion de Riesgos Industriales','17.275.098-2'),(1232,'Yarella Alexandra','Santis Concha','Central - Valparaiso','Prevencion de Riesgos Industriales','17.141.632-9'),(1231,'Irma Estrella','Castillo Rebolledo','Central - Valparaiso','operaciones Portuarias','17.793.607-3'),(1230,'Betsabeth Estrella','Garay Garay','Central - Valparaiso','operaciones Portuarias','18.050.456-7'),(1229,'Franco Andres','Chacon Rodriguez','Central - Valparaiso','operaciones Portuarias','17.472.498-9'),(1228,'Ana Catalina','Cerda Maluenda','Central - Valparaiso','Prevencion de Riesgos Industriales','15.835.761-5'),(1227,'Jessica Alejandra','Reyes Gomez','Central - Valparaiso','Construccion','18.208.396-8'),(1226,'Hector osvaldo','Perez Carmona','Central - Valparaiso','Construccion','13.189.751-0'),(1225,'Francisco Javier','Barrera Cardenas','Central - Valparaiso','Construccion','15.948.581-1'),(1224,'Nicolas Andres','Carmona Diaz','Central - Valparaiso','Construccion','16.775.626-3'),(1223,'Patricio Ricardo','Rojas Herrera','Central - Valparaiso','Construccion','10.080.887-0'),(1221,'Luis Alberto','Cortes Araya','Central - Valparaiso','Construccion','13.228.979-4'),(1220,'Victoria Maria','Cardenas Carroza','Central - Valparaiso','Ventas y Retail','17.275.314-0'),(1219,'Moira del Carmen','Silva Garrido','Central - Valparaiso','Ventas y Retail','18.270.448-2'),(1218,'Jessica Carola','Lucero Jaure','Central - Valparaiso','Ventas y Retail','12.224.760-0'),(1217,'Solange Arlen','Cabrera Silva','Central - Valparaiso','Ventas y Retail','16.223.206-6'),(1216,'Fernando Nicolas','Arancibia Hernandez','Central - Valparaiso','Ventas y Retail','18.272.497-1'),(1215,'Priscilla Andrea','Arqueros Mendoza','Central - Valparaiso','Ventas y Retail','16.487.741-8'),(1214,'Maria Magdalena','Astudillo Baquedano','Central - Valparaiso','Prevencion de Riesgos Industriales','16'),(1213,'Luis Rodrigo','Toledo Guiñez','Central - Valparaiso','Prevencion de Riesgos Industriales','15.752.057-1'),(1212,'Romina Nicole','Lara Lizama','Central - Valparaiso','Ventas y Retail','17.807.215-3'),(1211,'Gabriela Silvana','Escobar Collins','Central - Valparaiso','Asistente Juridico','13.635.227-k'),(1210,'Alexis Andres','Poza Villena','Central - Valparaiso','Asistente Juridico','16.812.394-9'),(1209,'Raiza Alondra','Amaya Caceres','Central - Valparaiso','Asistente Juridico','18.321.906-5'),(1208,'Leticia Guisselle','Baquedano Duran','Central - Valparaiso','Comercio Exterior','14.252.953-k'),(1207,'Yoko Kim','Cordova Cordova','Central - Valparaiso','Transporte','17.203.324-5'),(1206,'Christian Alexis','Forrich Aguirre','Central - Valparaiso','Prevencion de Riesgos Industriales','16.888.073-1'),(1205,'Jose Danilo','Gajardo Sandoval','Central - Valparaiso','Prevencion de Riesgos Industriales','11.402.162-8'),(1204,'Mauricio Javier','Plaza Labra','Central - Valparaiso','Prevencion de Riesgos Industriales','16.778.412-7'),(1203,'Luis Enrique','Cuello Bugueño','Central - Valparaiso','Prevencion de Riesgos Industriales','10.309.586-7'),(1202,'Joban Israel','MIranda Miranda','Central - Valparaiso','Prevencion de Riesgos Industriales','16.159.181-5'),(1201,'Michelle Alejandra','Padget Miranda','Central - Valparaiso','Prevencion de Riesgos Industriales','18.223.851-1'),(1200,'Gabriela de las Mercedes','Perez Marin','Central - Valparaiso','Transporte','13.998.618-0'),(1199,'Angelo Mauricio ','Muñoz Araya','Central - Valparaiso','operaciones Portuarias','17.202.989-2'),(1198,'Javiera Elena de Jesus ','Salazar Silva','Central - Valparaiso','Construccion','17.759.499-7'),(1197,'David Esteban','Flores Miranda','La Calera','Prevencion de Riesgos Industriales','15.999.698-0'),(1196,'Geraldo Alberto','ojeda Espejo','Central - Valparaiso','Construccion','12.847.706-3'),(1195,'Ignacio Alfredo','Barra Guerrero','Central - Valparaiso','Prevencion de Riesgos Industriales','16.720.412-0'),(1194,'Jessica Daniela','oyarzun Cintolesi','Central - Valparaiso','Asistente Juridico','16.801.467-8'),(1193,'Juan Bernando','Diaz Flores','Central - Valparaiso','operaciones Portuarias','16.508.990-1'),(1192,'Gabriel Alejandro','Lillo Silva','La Calera','Produccion Fruticola Intensiva y S','16.400.563-1'),(1191,'Jose Luis','Contreras Henriquez','La Calera','Produccion Fruticola Intensiva y S','13.332.240-k'),(1190,'Carolina Priscilla','Saldias Arriagada','Central - Valparaiso','operaciones Portuarias','15.228.027-0'),(1189,'Patricio Adilio','Manterola Galaz','Central - Valparaiso','Construccion','9.058.762-5'),(1188,'Paola Andrea','Horna Horna','La Calera','Gestion de Negocios','14.139.720-6'),(1187,'Andres Alejandro','Suarez Briones','La Calera','Prevencion de Riesgos Industriales','17.078.387-5'),(1186,'Evelyn Priscilla','Collao olivares','La Calera','Prevencion de Riesgos Industriales','15.067.245-7'),(1185,'Francisca Genoveva','Ramos Tapia','Central - Valparaiso','Asistente Juridico','15.094.655-7'),(1184,'Juan Antonio ','Galindo Galindo','Central - Valparaiso','operaciones Portuarias','17.995.916-k'),(1183,'Marcela Alejandra','Sierra Figueroa','Central - Valparaiso','Asistente Juridico','16.499.096-6'),(1181,'Luis Antonio Mateo','Bernal Elgueta','Central - Valparaiso','Prevencion de Riesgos Industriales','12.100.841-6'),(1180,'Juan Roberto','Vera Manriquez','Central - Valparaiso','Comercio Exterior','11.624.396-2'),(1179,'Gonzalo Javier','Torres Sieratta','Central - Valparaiso','Comercio Exterior','12.449.671-3'),(1178,'Evelyn Constanza','Huerta Albiña','Central - Valparaiso','Comercio Exterior','17.273.723-4'),(1177,'Hernan Eduardo','olivares Zuñiga','Central - Valparaiso','Construccion','15.714.899-0'),(1176,'Ivan Ignacio','Barlari Perez','La Calera','Transporte','17.805.829-0'),(1175,'Rosa Estrella','Riquelme Ceron','La Calera','Prevencion de Riesgos Industriales','16.107.497-7'),(1174,'Javier Romelo','Salinas Cruz','La Calera','Prevencion de Riesgos Industriales','16.863.952-k'),(1173,'Pedro Pablo','Roldan Cabrera','La Calera','Produccion Fruticola Intensiva y S','17.210.129-1'),(1172,'Javier Andres','Taborga Castro','La Calera','Produccion Fruticola Intensiva y S','17.635.682-0'),(1171,'Tamara Patricia','Valdivia Delgado','La Calera','Produccion Horticola Intensiva y S','13.754.134-3'),(1170,'Jose Alfredo','Taborga Castro','La Calera','Produccion Fruticola Intensiva y S','17.209.427-9'),(1169,'Eduardo Javier','Rojas Escobar','La Calera','Prevencion de Riesgos Industriales','17.618.726-3'),(1168,'William Andres','Martinez Alfaro','La Calera','Prevencion de Riesgos Industriales','16.539.628-6'),(1167,'Camila Andrea','Cabrera Muñoz','La Calera','Prevencion de Riesgos Industriales','17.688.184-4'),(1166,'Rodrigo Alejandro','Muñoz Lopez','La Calera','Prevencion de Riesgos Industriales','16.657.616-4'),(1165,'Carmen Rosa','Gonzalez Neyra','La Calera','Prevencion de Riesgos Industriales','15.729.684-1'),(1164,'Danilo octavio','Fuentes Garrido','La Calera','Prevencion de Riesgos Industriales','17.103.999-1'),(1163,'Anahy Andrea','Barahona Diaz','La Calera','Prevencion de Riesgos Industriales','17.977.975-7'),(1162,'Judith Schlomyt','Uribe Marambio','La Calera','Prevencion de Riesgos Industriales','18.510.490-7'),(1161,'Jorge Andres','olivares Salzmann','La Calera','Prevencion de Riesgos Industriales','18.256.171-1'),(1160,'Patricia Carolina','Godoy Aros','La Calera','Prevencion de Riesgos Industriales','17.635.886-6'),(1159,'Daniela Soledad','Valdenegro Vega','La Calera','Prevencion de Riesgos Industriales','15.817.983-0'),(1158,'Ricardo Andres','Garcia Valencia','La Calera','Construccion','17.634.049-5'),(1157,'Mauricio Rodolfo','ortiz Cedeño','Central - Valparaiso','Transporte','14.707.755-6'),(1156,'Leonel Jesus','Sanduay Cofre','La Calera','Prevencion de Riesgos Industriales','15.094.020-6'),(1155,'Hermann Leonhar','Prosek Vallejos','Central - Valparaiso','Transporte','17.619.379-4'),(1154,'Alejandro Andres','Arellano Mundaca','Central - Valparaiso','Comercio Exterior','17.473.460-7'),(1153,'Karla Amanda','Bermudez Alvarez','La Calera','Prevencion de Riesgos Industriales','16.889.660-3'),(1152,'Sergio Roberto','Rojas Loyola','Central - Valparaiso','Asistente Juridico','17.354.906-7'),(1151,'Camilo Ignacio ','Gallardo Bustamente','Central - Valparaiso','Asistente Juridico','18.563.906-1'),(1150,'Rodrigo Fermin','Munita Lagos','Central - Valparaiso','Prevencion de Riesgos Industriales','15.582.029-2'),(1149,'Alejandro Alberto','Bahamondes Valenzuela','Central - Valparaiso','Gestion de Negocios','8.740.095-6'),(1148,'Damari Elena ','Leal Pardo','Central - Valparaiso','Logistica','13.988.418-3'),(1147,'Carlos Patricio','Miranda Salazar','Central - Valparaiso','Logistica','15.324.761-7'),(1145,'Serafin Alejandro','Gonzalez Salazar','La Calera','Produccion Fruticola Intensiva y S','15.835.743-7'),(1144,'Gonzalo Rodrigo','Arriagada Gallardo','Central - Valparaiso','Asistente Juridico','16.969.887-2'),(1143,'Romina Mitchell','Mardones Duque','Central - Valparaiso','Asistente Juridico','15.752.787-8'),(1142,'Connie Laura','Tapia Valenzuela','Central - Valparaiso','Asistente Juridico','18.236.532-7'),(1141,'Modeyme Eileen','Mena Quintanilla','La Calera','Prevencion de Riesgos Industriales','17.688.236-0'),(1140,'Guicela de Jesus','Miranda Barrera','La Calera','Prevencion de Riesgos Industriales','17.388.211-4'),(1139,'Carmen Luz','Peñaloza Correa','La Calera','Prevencion de Riesgos Industriales','16.000.037-6'),(1138,'Camila Fernanda','olivares Zamora','La Calera','Prevencion de Riesgos Industriales','17.688.752-4'),(1137,'Miguel Angel','Poblete Parra','La Calera','Produccion Fruticola Intensiva y S','18.207.230-3'),(1136,'Barbara Alejandra','oliva Vega','La Calera','Prevencion de Riesgos Industriales','17.618.680-1'),(1135,'Erica Margarita','Vega Ibacache','La Calera','Prevencion de Riesgos Industriales','15.093.442-7'),(1134,'Alejandra Maribel','Cortes Fernandez','La Calera','Prevencion de Riesgos Industriales','12.818.539-9'),(1133,'Diego Andres','Castillo Bravo','La Calera','Prevencion de Riesgos Industriales','16.755.575-6'),(1132,'Santiago Eduardo','Escarez San Martin','Central - Valparaiso','Prevencion de Riesgos Industriales','6.574.989-0'),(1131,'Pablo Ignacio','Salazar Erices','Central - Valparaiso','Prevencion de Riesgos Industriales','16.233.030-6'),(1130,'Claudio Enrique','Silva Hidalgo','Central - Valparaiso','Prevencion de Riesgos Industriales','15.951.453-6'),(1129,'Sebastian Andres','Quinteros Ibarra','Central - Valparaiso','Gestion de Negocios','16.508.393-8'),(1128,'Doymo Renato','Zapata Cardenas','Central - Valparaiso','Construccion','16.363.188-1'),(1127,'Cynthia Vanessa','Vergara Tapia','La Calera','Gestion de Negocios','16.400.381-7'),(1126,'Victor Patricio','Toledo Villaroel','Central - Valparaiso','Construccion','15.596.206-2'),(1125,'Manuel Roberto','Brante Zarate','Central - Valparaiso','Construccion','10.677.242-8'),(1124,'Victor Armando','Sandoval Bravo','La Calera','Gestion de Negocios','13.753.212-3'),(1020,'Hector Ivan','Carcamo Amaller','Central - Valparaiso','Prevencion de Riesgos Industriales','12.845.411-k'),(1019,'Marcelo Alejandro','Mora Fuentes','Central - Valparaiso','Construccion','14.576.164-6'),(1018,'Hernan Mauricio ','Leiva Miranda','Central - Valparaiso','Construccion','11.828.327-9'),(1017,'Eder Cesar','Bulnes Godoy','Central - Valparaiso','Gestion de Negocios','17.946.150-1'),(1016,'Guillermo Alejandro','Perez Fernandez','La Calera','Prevencion de Riesgos Industriales','13.764.414-2'),(1015,'Tatiana Paola','Ibacache Aracena','La Calera','Prevencion de Riesgos Industriales','9.735.478-2'),(1014,'Andrea Nicol','Almonacid Hernandez','Central - Valparaiso','Prevencion de Riesgos Industriales','17.568.852-8'),(1013,'Fabiola Benericia','Guzman Vergara','La Calera','Gestion de Negocios','16.400.146-6'),(1012,'Veronica Stephanie','Ahumada Hidalgo','Central - Valparaiso','Gestion de Negocios','17.954.676-0'),(1011,'Margarita Cristina','Rocco Bernal','La Calera','Gestion de Negocios','17.618.284-9'),(1010,'Maximiliano Reinero','Poblete Rozas','Central - Valparaiso','Prevencion de Riesgos Industriales','15.561.698-9'),(1009,'Manuel Benito','Hidalgo ortiz','Central - Valparaiso','Prevencion de Riesgos Industriales','16.501.146-5'),(1008,'Patricio Alejandro','Zapata Castillano','Central - Valparaiso','Prevencion de Riesgos Industriales','13.544.737-4'),(1007,'Elias Josue','Rojas Campos','Central - Valparaiso','Prevencion de Riesgos Industriales','13.856.249-2'),(1006,'Hugo Antonio','Almonacid Narajo','Central - Valparaiso','Construccion','13.651.353-2'),(1005,'Rodrigo Andres','osorio Collao','Central - Valparaiso','Construccion','13.367.350-4'),(1004,'Alejandro Enrique','Herrera Mendez','La Calera','Construccion','15.920.712-9'),(1003,'Emiliano Manuel','Toledo Vergara','Central - Valparaiso','Construccion ','12.221.777-9'),(1002,'Jorge Andres','Maturana Riffo','Central - Valparaiso','Prevencion de Riesgos Industriales','15.716.632-8'),(1001,'Luis Antonio','Molina Sepulveda','Central - Valparaiso','Prevencion de Riesgos Industriales','16.752.462-1'),(1000,'Yarella Fernanda','Fernandez ojeda','La Calera','Prevencion de Riesgos Industriales','18.035.660-6'),(999,'Marissel Karina','Bermudez Toledo','La Calera','Prevencion de Riesgos Industriales','11.991.614-3'),(998,'Sandra Paola','Donoso Perez','La Calera','Prevencion de Riesgos Industriales','12.402.250-9'),(997,'Patrcia Lorena','Leiva Lopez','La Calera','Prevencion de Riesgos Industriales','16.058.387-8'),(996,'Romualdo Andres','Ahumada Caro','Central - Valparaiso','Construccion','15.761.882-2'),(995,'Cristian Eduardo','Borquez Silva','Central - Valparaiso','Construccion','15.750.657-9'),(994,'Pablo Esteban','Embry Castro','Central - Valparaiso','Construccion','8.288.425-4'),(993,'oscar Camilo','orellana Avendaño','Central - Valparaiso','Construccion','17.143.969-8'),(992,'Italo Fernando','Vega Sanhueza','Central - Valparaiso','Prevencion de Riesgos Industriales','16.887.257-7'),(991,'Yessem Andrea','Vivar Jamett','Central - Valparaiso','Prevencion de Riesgos Industriales','18.421.101-7'),(990,'Sebastian Ignacio','Campos Fernandez','Central - Valparaiso','Prevencion de Riesgos Industriales','17.314.347-8'),(925,'Juan Alberto ','Martin Guzman','Central - Valparaiso','Ventas y Retail','16.877.768-k'),(924,'Nataly Soraya','Acuña Bernal','Central - Valparaiso','Ventas y Retail','16.499.748-0'),(923,'Luis Alejandro','Quezada Briones','Central - Valparaiso','Ventas y Retail','17.262.618-1'),(922,'Evelyn del Carmen','Carrasco Segura','Central - Valparaiso','Ventas y Retail','16.490.582-9'),(921,'Patricio Javier','Prieto Aguilera','Central - Valparaiso','Servicios Turisticos','15.830.837-1'),(920,'Michael Jonathan','Mena oyarzun','Central - Valparaiso','Servicios Turisticos','17.118.601-3'),(919,'Ana Cecilia','Castro Ibacache','Central - Valparaiso','Servicios Turisticos','17.475.116-1'),(918,'Ariela Andrea','Vera Santibañez','Central - Valparaiso','Servicios Turisticos','17.161.319-1'),(917,'Johana Fernanda','Mesias Ahumada','Central - Valparaiso','Servicios Turisticos ','15.074.398-2'),(916,'Alejandra Deltransito','Azocar Piña','Central - Valparaiso','Servicios Turisticos','13.881.107.7'),(915,'Javier Ignacio','Salazar Gonzalez','Central - Valparaiso','Electricidad','17.118.634-k'),(914,'Cristian Alonso','Brito Trigo','Central - Valparaiso','Electricidad','17.790.252-7'),(913,'Katerine Marisol','Carvajal Herrera','Central - Valparaiso','Electricidad','16.358.139-6'),(912,'Isaac Ricardo','Contreras Marambio','Central - Valparaiso','Electricidad','15.695.088-2'),(911,'Jose Luis','San Martin Larach','Central - Valparaiso','Logistica','15.718.558-6'),(910,'Diego Sebastian','Araya Aravena','Central - Valparaiso','Transporte','16.500.771-9'),(909,'Jaime Andres','Vargas Vargas','Central - Valparaiso','Construccion','14.573.328-6'),(908,'Jesus Edgar','Toledo Lazcano','Central - Valparaiso','Construccion','17.142.643-k'),(907,'Ana Luisa','Traverso Diaz','Central - Valparaiso','Construccion','13.429.174-5'),(906,'Jose Luis del Carmen','Arvigo Bascur','Central - Valparaiso','Construccion','9.775.500-0'),(905,'Sebastian Eduardo','Lazo Lazo','Central - Valparaiso','Construccion','15.169.796-8'),(904,'Carlos Andres','Murillo Araya','La Calera','Prevencion de Riesgos Industriales','15.067.713-6'),(903,'Francisco Javier','Araya Espinosa','Central - Valparaiso','Construccion','13.364.850-k'),(902,'Nicolas Alejandro','Sagredo Brito','Central - Valparaiso','operaciones Portuarias','17.476.444-1'),(901,'Juan Pablo','Aravena Rejano','Central - Valparaiso','operaciones Portuarias','17.084.861-6'),(900,'Rodolfo Hernan','Alvarado Cruz','Central - Valparaiso','Produccion Horticola Intensiva y S','15.836.140-k'),(899,'Yenifer del Pilar','Mena Araya','Central - Valparaiso','Produccion Fruticola Intensiva y S','16.889.855-k'),(898,'Cristian Jesus','Pozo Vicencio','Central - Valparaiso','Electricidad','17.367.134-2'),(897,'Jose Luis','Gallegos Astacie','Central - Valparaiso','Electricidad','22.451.051-9'),(896,'Felipe Rafael ','de la Cerda Alvarado','Central - Valparaiso','Electricidad','15.817.927-4'),(895,'Ruth Emilia','Puebla Espinoza','Central - Valparaiso','Prevencion de Riesgos Industriales','10.158.752-5'),(894,'Angie Caroline','Aguirre Hidalgo','Central - Valparaiso','Prevencion de Riesgos Industriales','15.070.243-7'),(893,'Nicole Cristina','Flores Estay','Central - Valparaiso','Prevencion de Riesgos Industriales','16.754.321-9'),(892,'Gladys del Carmen','Valenzuela Cid','Central - Valparaiso','Prevencion de Riesgos Industriales','13.228.559-4'),(891,'Claudia Paola','Garcia Salas','Central - Valparaiso','Prevencion de Riesgos Industriales','12.231.925-3'),(890,'Nicolas Emilio','Zurita Palacios','Central - Valparaiso','Prevencion de Riesgos Industriales','16.887.181-3'),(889,'Marcelo Ivan','Andrade Pizarro','Central - Valparaiso','Construccion','12.623.860-6'),(888,'Victor orlando ','Gonzalez Montiel','Central - Valparaiso','Logistica','12.048.120-7'),(887,'Giovanni Adrian','Codiglia Ibaceta','Central - Valparaiso','Logistica','13.190.126-7'),(886,'Sara Yazmin','Quezada Villaroel','Central - Valparaiso','Asistente Juridico','14.604.724-6'),(885,'Claudia Valeria','Uribe Martin','Central - Valparaiso','Asistente Juridico','17.148.997-0'),(884,'Jonathan Armando','Valenzuela Valenzuela','Central - Valparaiso','Logistica','15.764.988-4'),(883,'Axel Leandro','Parra Silva','Central - Valparaiso','Transporte','17.474.068-2'),(882,'Paola del Carmen','Araya Rojas','Central - Valparaiso','Produccion Horticola Intensiva y S','18.136.415-7'),(881,'Jose Manuel','Vera Arellano','Central - Valparaiso','Produccion Fruticola Intensiva y S','17.866.944-3'),(880,'Marianela olivia','Tapia Ramirez','Central - Valparaiso','Produccion Horticola Intensiva y S','17.668.647-1'),(879,'Ricardo Felipe','Arriaza Calderon','Central - Valparaiso','Produccion Fruticola Intensiva y S','17.468.443-k'),(878,'Javier Enrique','Jofre Alcaino','Central - Valparaiso','Produccion Fruticola Intensiva y S','17.808.068-7'),(877,'Karen Daniela','Salzmann Saavedra','Central - Valparaiso','Produccion Fruticola Intensiva y S','13.764.312-k'),(876,'angel Gabriel','Berrueta Muñoz','Central - Valparaiso','Produccion Fruticola Intensiva y S','18.162.137-0'),(875,'Nell Yobanny','Sorricueta Sorricueta','Central - Valparaiso','Produccion Fruticola Intensiva y S','17.908.906-8'),(874,'Pablo Andres','Iglesias Herrera','Central - Valparaiso','Produccion Fruticola Intensiva y S','15.063.913-1'),(873,'Matilde odett','Gallardo Gonzalez','Central - Valparaiso','Produccion Horticola Intensiva y S','5.846.918-1'),(872,'Juana Elena','Castro Jara','Central - Valparaiso','Produccion Horticola Intensiva y S','16.820.970-3'),(871,'Eduardo Ignacio','Bugueño Jeraldino','Central - Valparaiso','Produccion Fruticola Intensiva y S','17.909.343-k'),(870,'Ivan Esteban','Alvarez Marchant','Central - Valparaiso','Comercio Exterior','16.821.158-3'),(869,'Daniel Andres','Ponce Gomez','Central - Valparaiso','Comercio Exterior','16.917.249-8'),(868,'Pamela Andrea','Silva Leiva','Central - Valparaiso','Comercio Exterior','14.000.122-8'),(867,'Cecilia del Carmen','Ruiloba Herrera','Central - Valparaiso','Comercio Exterior','9.761.237-4'),(866,'Victoria Andrea ','Gallardo Gonzalez','Central - Valparaiso','Comercio Exterior','17.477.822-1'),(865,'Francisco Javier','Perez Salas','Central - Valparaiso','operaciones Portuarias','18.034.101-3'),(864,'Cesar Gabriel','Velasquez Romero','Central - Valparaiso','operaciones Portuarias','13.652.010-5'),(863,'Marcela del Carmen','Torres Vivanco','Central - Valparaiso','Gestion de Negocios','132.463.754-'),(862,'Jose Miguel','Alvarez Sasso','Central - Valparaiso','Gestion de Negocios','15.083.787-1'),(861,'Patricio Manuel','Chandia Chandia','Central - Valparaiso','Prevencion de Riesgos Industriales','16.702.629-k'),(860,'Barbara Leonor','Cadiz Rojas','Central - Valparaiso','Prevencion de Riesgos Industriales','14.337.902-7'),(859,'Jeannette Alejandra','Gamboa Farias','Central - Valparaiso','Prevencion de Riesgos Industriales','13.192.321-k'),(858,'Raul Enrique','Cariaga Ramirez','Central - Valparaiso','Logistica','13.654.012-2'),(857,'Diego Armando','Aranda Gonzalez','Central - Valparaiso','Prevencion de Riesgos Industriales','15.999.493-7'),(856,'Cesar Alejandro','Ahumada Plaza','Central - Valparaiso','Prevencion de Riesgos Industriales','17.162.984-5'),(855,'Jair Antonio','Frez Robledo','Central - Valparaiso','Prevencion de Riesgos Industriales','15.093.336-6'),(854,'Valezka Lorena ','Alvarez Gongora','Central - Valparaiso','Asistente Juridico','11.831.144-2'),(853,'Jessenia Elizabeth','Aravena Corvalan','Central - Valparaiso','Asistente Juridico','17.472.067-3'),(852,'Silvana Daniela','Marchant orellana','Central - Valparaiso','Asistente Juridico','165.482.987-'),(851,'Isis Marlenne','Donoso Sanchez','Central - Valparaiso','Asistente Juridico','15.684.650-3'),(850,'Bristella Soledad','Camacho ortiz','Central - Valparaiso','Asistente Juridico','15.078.575-8'),(849,'Paula Valeria','Lopez Quezada','Central - Valparaiso','Asistente Juridico','17.203.590-6'),(848,'Marcos Patricio ','Guzman Guzman','Central - Valparaiso','Asistente Juridico','17.141.399-0'),(847,'Maria Jose','Loyola Araya','Central - Valparaiso','Gestion de Negocios','16.234.336-k'),(846,'Juanita Alejandra','Ponce Berrios','Central - Valparaiso','Gestion de Negocios','13.764.995-0'),(807,'Roberto Alejandro','Figueroa Riquelme','Central - Valparaiso','Prevencion de Riesgos Industriales','15.835.828-k'),(806,'Pedro Felipe','Salinas ojeda','Central - Valparaiso','Prevencion de Riesgos Industriales','17.984.283-1'),(805,'Hernan Gamaliel','Torres Valdes','Central - Valparaiso','Prevencion de Riesgos Industriales','15.498.315-5'),(804,'Marcelo Martin','Escobar Riveros','Central - Valparaiso','Prevencion de Riesgos Industriales','15.325.843-0'),(803,'Francisca Andrea','Collao Segota','Central - Valparaiso','Prevencion de Riesgos Industriales','17.481.056-7'),(802,'Barbara Pamela','Vargas Pinochet','Central - Valparaiso','Prevencion de Riesgos Industriales','16.107.612-0'),(801,'Jacqueline Elena','Palma Moya','Central - Valparaiso','Prevencion de Riesgos Industriales','16.968.436-7'),(800,'Niurka Militza ','Chamorro Garrido','Central - Valparaiso','Prevencion de Riesgos Industriales','13.651.073-8'),(799,'Mariana Paz ','Velasquez Bergmann','Central - Valparaiso','Prevencion de Riesgos Industriales','8.363.054-k'),(798,'Jose Antonio','Bohorquez Vergara','Central - Valparaiso','Prevencion de Riesgos Industriales','16.776.618-8'),(797,'Katherine Andrea','Baldeon Evans','Central - Valparaiso','Prevencion de Riesgos Industriales','17.179.011-5'),(796,'Ursula Angelina','olguin Araya','Central - Valparaiso','Prevencion de Riesgos Industriales','16.034.621-3'),(795,'Fernando Demetrio','Avendaño Schilick','Central - Valparaiso','Prevencion de Riesgos Industriales','5.756.154-8'),(794,'Priscilla Andrea','Silva Yañez','Central - Valparaiso','Prevencion de Riesgos Industriales','15.555.937-3'),(793,'Maria Jose','Fuentealba Pizarro','Central - Valparaiso','Prevencion de Riesgos Industriales','16.107.126-9'),(792,'Evelyn Paola','Villablanca Dupuis','Central - Valparaiso','Prevencion de Riesgos Industriales','16.775.182-2'),(791,'Manuel David','Valenzuela Prado','Central - Valparaiso','Prevencion de Riesgos Industriales','9.628.668-6'),(790,'Ricardo Esteban','Loyola Rojas','Central - Valparaiso','Prevencion de Riesgos Industriales','12.669.616-7'),(789,'Guillermo Enrique','Ascencio Flores','Central - Valparaiso','Prevencion de Riesgos Industriales','17.023.721-8'),(788,'Alex Ivan ','Fuentes Cornejo','Central - Valparaiso','Prevencion de Riesgos Industriales','12.282.845-k'),(787,'Carlos Humberto','Reyes Perez','Central - Valparaiso','Prevencion de Riesgos Industriales','14.001.509-1'),(786,'Arturo Sebastian','Manriquez Sepulveda','Central - Valparaiso','Prevencion de Riesgos Industriales','15.083.479-1'),(785,'Dianer Allan ','Parra Rivera','Central - Valparaiso','Prevencion de Riesgos Industriales','17.377.887-2'),(784,'Tomas Eduardo','Dominguez Gonzalez','Central - Valparaiso','Prevencion de Riesgos Industriales','15.843.742-2'),(783,'Claudio Patricio','Jaure Garrido','Central - Valparaiso','Electricidad','17.203.437-3'),(782,'Carlos Hernan','olivares Ramirez','Central - Valparaiso','Electricidad','9.562.186-4'),(781,'Nicole de Lourdes','Arredondo Lara','Central - Valparaiso','Gestion de Negocios','17.473.594-8'),(780,'Marcelo Miguel','Arancibia Perez','Central - Valparaiso','Gestion de Negocios','16.482.863-8'),(779,'Marcela Andrea ','Carmona Malatesta','Central - Valparaiso','Gestion de Negocios','10.874.440-5'),(778,'Macarena ','Achavar Gutierrez','Central - Valparaiso','Gestion de Negocios','16.812.360-4'),(777,'Javier Ernesto','Mendoza Vargas','Central - Valparaiso','Gestion de Negocios','16.665.042-9'),(776,'Francisco Ernesto','Guerrero Araya','Central - Valparaiso','Gestion de Negocios','17.159.905-9'),(775,'Fernando Andres','Lopez Meriño','Central - Valparaiso','Gestion de Negocios','15.079.235-5'),(774,'Claudia Angelica','Zuñiga Gomez','Central - Valparaiso','Gestion de Negocios','13.022.214-5'),(773,'Carolina Natalia Maria','Huerta Zuñiga','Central - Valparaiso','Gestion de Negocios','17.790.302-7'),(772,'Camila del Carmen','Urbina Peñalillo','Central - Valparaiso','Gestion de Negocios','15.753.690-7'),(771,'Andrea Paola','Berrios Labraña','Central - Valparaiso','Gestion de Negocios','12.626.459-3'),(770,'Michael Alfonso ','olivares olavarria','Central - Valparaiso','Ventas y Retail','17.480.086-3'),(769,'Isaac Jose','olivares olavarria','Central - Valparaiso','Ventas y Retail','17.161.788-k'),(768,'Iris Alexandra','Morales Muñoz','Central - Valparaiso','Ventas y Retail','15.752.914-5'),(767,'Diego Sebastian','Uribe Parra','Central - Valparaiso','Ventas y Retail','17.474.409-2'),(766,'Roberto Andres','Brito Toledo','Central - Valparaiso','Gestion de Negocios','15.714.879-6'),(765,'Paulina Alejandra','Molina Henriquez','Central - Valparaiso','Servicios Turisticos','17.145.287-2'),(764,'Alison Giselle','Bahamondes Tapia','Central - Valparaiso','Servicios Turisticos','16.400.187-3'),(763,'Jose Manuel','Paez olivares','Central - Valparaiso','Logistica','11.546.565-1'),(762,'Nelson Faustino','Mendoza Bravo','Central - Valparaiso','Logistica','13.022.896-8'),(761,'Alvaro Gonzalo','Tobar Puebla','Central - Valparaiso','Logistica','12.846.444-1'),(760,'Paulo Patricio','Carvajal Mery','Central - Valparaiso','Logistica','14.376.049-9'),(759,'Reinaldo Guillermo','Cabrera Arancibia','Central - Valparaiso','Logistica','16.665.073-9'),(758,'Patricio Gerardo','Garcia Prado','Central - Valparaiso','Logistica','16.588.925-8'),(757,'Ricardo Esteban','Murga Marchant','Central - Valparaiso','Comercio Exterior','17.807.655-8'),(756,'Jenifer Patricia','orellana Martinez','Central - Valparaiso','Comercio Exterior','17.473.656-1'),(755,'Angela Viviana','Lara Soto','Central - Valparaiso','Comercio Exterior','15.678.348-k'),(754,'Maria Gisela ','Segura Navarro','Central - Valparaiso','Comercio Exterior','14.390.651-5'),(753,'Fabian Andres','Moreno Lopez','Central - Valparaiso','Comercio Exterior','17.472.575-6'),(752,'Sandra Patricia ','Jeria Fuenzalida','Central - Valparaiso','Asistente Juridico','15.556.209-9'),(751,'Alejandro Ignacio','Llanos Arenas','Central - Valparaiso','Asistente Juridico','16.142.192-8'),(750,'Claudio Esteban ','Vega Solis','Central - Valparaiso','Asistente Juridico','15.828.024-8'),(749,'Iris Pamela','Leiva Gonzalez','Central - Valparaiso','Asistente Juridico','13.228.734-1'),(748,'German Gustavo','Bermudez Saldaño','Central - Valparaiso','Asistente Juridico','17.275.002-8'),(747,'Claudio Ernesto','Rey Ramirez','Central - Valparaiso','Comercio Exterior','15.828.658-0'),(746,'Ricardo Mauricio','Martinez ortega','Central - Valparaiso','Transporte ','17.119.521-7'),(745,'Diego Andres','Egido Nuñez','Central - Valparaiso','Transporte','16.483.509-k'),(744,'Ana Karen','Troncoso ortiz','Central - Valparaiso','Transporte','16.665.058-5'),(743,'Ruben Gonzalo','Macaya Moyano','Central - Valparaiso','Transporte','15.973.723-3'),(742,'Cecilia Elizabeth','Loyola Henriquez','Central - Valparaiso','Transporte','11.173.749-5'),(741,'Sandra del Pilar','Barrientos Medina','Central - Valparaiso','Transporte','12.844.880-2'),(740,'Gustavo Gabriel','Salas Diaz','Central - Valparaiso','Transporte','15.555.961-6'),(739,'Marcos Elias','Gonzalez Velasquez','Central - Valparaiso','Transporte','13.653.006-2'),(738,'Mauricio Alejandro','Maldonado Lazo','Central - Valparaiso','Transporte','11.433.557-6'),(737,'Zhiaren Nicolett','Suy Bernal','Central - Valparaiso','Transporte','17.139.974-2'),(736,'Jean Pierre','Arancibia Condemarin','Central - Valparaiso','Transporte','16.542.566-9'),(735,'Nelson Jorge','Alvear Valderas','Central - Valparaiso','Transporte','13.020.950-5'),(734,'Juan Carlos','Vicencio Diaz','Central - Valparaiso','Transporte','13.333.965-5'),(733,'Hector Leonel','Zamorano Espinoza','Central - Valparaiso','Construccion','13.996.166-8'),(732,'Agustin Miguel','Carcamo Fajardo','Central - Valparaiso','Construccion','13.992.959-4'),(731,'Francisco Genaro','Vicencio Peralta','Central - Valparaiso','Construccion','16.233.207-4'),(730,'Luis Alberto','Vergara Castillo','Central - Valparaiso','Construccion','16.233.111-6'),(729,'Hernan Patricio','Thompson Cuadra','Central - Valparaiso','Construccion','13.189.974-2'),(728,'Francisco Javier','Salvador Garcia','Central - Valparaiso','Construccion','12.845.022-k'),(727,'Fernando Andres','Salas Pacheco','Central - Valparaiso','Construccion','16.775.397-3'),(726,'Victor Manuel','Rojas Carreño','Central - Valparaiso','Construccion','15.728.395-2'),(725,'Wladimir Alejandro','Vergara Tapia','Central - Valparaiso','Construccion','13.766.377-5'),(724,'Mario Esteban','Soto Bustos','Central - Valparaiso','Construccion','14.316.001-7'),(723,'Eduardo Ramon','Rojas Leon','Central - Valparaiso','Construccion','13.988.878-2'),(722,'Claudio Esteban','Rojas Jara','Central - Valparaiso','Construccion','15.560.232-5'),(721,'Rodrigo Andres','Ramirez Pizarro','Central - Valparaiso','Construccion','13.750.780-3'),(720,'Leonel Ernesto','Pizarro Baeza','Central - Valparaiso','Construccion','9.823.568-k'),(719,'Jose Felipe','Naranjo Gallardo','Central - Valparaiso','Construccion','10.475.843-6'),(718,'Juan Patricio','Leyton Jopia','Central - Valparaiso','Construccion','14.001.151-7'),(717,'Jethro Fernando','Mancilla Rojas','Central - Valparaiso','Construccion','15.752.168-3'),(716,'Francisco Andres','Delarraechea Godoy','Central - Valparaiso','Construccion','15.990.900-k'),(715,'Maria Jose','Gonzalez Lillo','Central - Valparaiso','Transporte','15.714.521-5'),(714,'Daniel Andres','Cepeda Cepeda','Central - Valparaiso','Transporte','15.950.281-3'),(713,'Pablo Abelardo','Ahumada Donoso','Central - Valparaiso','Transporte','11.619.935-1'),(712,'Vanessa Eliana','Lazcano Tapia','Central - Valparaiso','Transporte','15.066.481-0'),(711,'oscar Felipe','Mujica Alvarez','Central - Valparaiso','Transporte','17.089.467-7'),(710,'Francisco Javier','Espinoza Guzman','Central - Valparaiso','Comercio Exterior','17.141.898-4'),(709,'Jennifer Darinka','Calderon Pinto','Central - Valparaiso','Comercio Exterior','15.558.120-4'),(708,'Paula Fernanda','Deramo Figueroa','Central - Valparaiso','Comercio Exterior','10.661.395-8'),(707,'Freddy Antonio','Palma Ferrer','Central - Valparaiso','Comercio Exterior','17.143.772-5'),(706,'Marie Cinthia','Aguilera Venegas','Central - Valparaiso','Comercio Exterior','14.527.238-6'),(705,'Karla Joselyne','Ruz Aguila','Central - Valparaiso','Comercio Exterior','13.988.982-7'),(704,'Moises Roberto','Henriquez Saravia','Central - Valparaiso','Comercio Exterior','9.283.554-5'),(703,'Pablo Andres','Guerrero Fernandez','Central - Valparaiso','Transporte','16.483.045-4'),(702,'Edgar Mauricio','Castro Costa','Central - Valparaiso','Transporte','13.992.138-0'),(701,'Elizabeth Claudina','Aravena Collet','Central - Valparaiso','Transporte','9.630.337-8'),(700,'Edinson Alberto','Garrido Retamal','Central - Valparaiso','Construccion','11.790.610-8'),(699,'Jonathan Andres','Figueroa Mazuela','Central - Valparaiso','Construccion','15.763.107-1'),(698,'Francisco Javier','Figueroa Apablaza','Central - Valparaiso','Construccion','15.973.539-7'),(697,'Marcela Jacqueline','Fernandez Fernandez','Central - Valparaiso','Construccion','15.489.828-k'),(696,'Alejandro Froilan','Lara Vasquez','Central - Valparaiso','Construccion','13.430.481-2'),(695,'Ivan Mario','Caviedes Ibarra','Central - Valparaiso','Construccion','14.256.356-8'),(694,'Gerson Eduardo','Carvajal Diaz','Central - Valparaiso','Construccion','16.034.165-3'),(693,'Maureen Fabiola','Carrasco Ruz','Central - Valparaiso','Construccion','16.500.292-k'),(692,'Giancarlo Juviland','Barros Ledezma','Central - Valparaiso','Construccion','16.102.978-5'),(635,'Karen Berta','Diaz Vidal','Central - Valparaiso','Asistente Juridico','16.752.455.9'),(634,'Angelina Pamela','Villegas Guerrero','Central - Valparaiso','Asistente Juridico','12.825.232-0'),(633,'Alexander Hagari','Godoy Briones','Central - Valparaiso','Prevencion de Riesgos Industriales','11.518.726-0'),(632,'Luis Mauricio','Rubiño Bahamondes','Central - Valparaiso','Prevencion de Riesgos Industriales','16.058.243-k'),(631,'Andy Rodrigo ','Mendez Zambrano','Central - Valparaiso','Prevencion de Riesgos Industriales','16.755.441-5'),(630,'Rolando Antonio','Montero Leon','Central - Valparaiso','Gestion de Negocios','16.754.105-1'),(628,'Miguel Eduardo','Soto Huerta','Central - Valparaiso','Logistica','14.000.968-7'),(627,'Fernando Jose','Hernandez Cekalovic','Central - Valparaiso','Construccion','17.119.090-8'),(626,'Alejandro Antonio','Henriquez Contreras','Central - Valparaiso','Construccion','16.678.401-8'),(625,'Manuel Rene','Hernandez Rodriguez','Central - Valparaiso','Prevencion de Riesgos Industriales','7.509.700-k'),(624,'Beatriz Carolina ','Sepulveda Madrid','Central - Valparaiso','Prevencion de Riesgos Industriales','12.025.545-2'),(623,'Felipe Andres','Moraga ojeda','Central - Valparaiso','Servicios Turisticos','17.161.442-2'),(622,'Jonathan Karim','Valenzuela Carrasco','Central - Valparaiso','Ventas y Retail','16.754.845-8'),(621,'Evelyn Marcela','Reinoso Cordova','Central - Valparaiso','Construccion','8.796.126-5'),(620,'Katherine Elizabeth','Troncoso Riquelme','Central - Valparaiso','Construccion','13.988.350-0'),(619,'Italo Andres','Lanino ormazabal','Central - Valparaiso','Prevencion de Riesgos Industriales','17.209.318-3'),(618,'Solange Alejandra','Campos Gonzalez','Central - Valparaiso','Prevencion de Riesgos Industriales','16.539.951-k'),(617,'Ana Ramona','Briceño osorio','Central - Valparaiso','Prevencion de Riesgos Industriales','15.682.602-2'),(616,'Jonathan Francisco','osorio Gonzalez','Central - Valparaiso','Prevencion de Riesgos Industriales','15.094.474-0'),(615,'Amalia Rosa','Vasquez Arancibia','Central - Valparaiso','Prevencion de Riesgos Industriales','16.059.272-9'),(614,'Natalie Priscilla','Arancibia Bernal','Central - Valparaiso','Prevencion de Riesgos Industriales','16.539.813-0'),(613,'Clelia Morelia','Jimenez Arellano','Central - Valparaiso','Prevencion de Riesgos Industriales','12.598.370-7'),(612,'omar Alejandro','Aravena Gaete','Central - Valparaiso','Construccion','16.332.148-3'),(611,'Miguel Angel','Tapia Diaz','Central - Valparaiso','Prevencion de Riesgos Industriales','12.601.184-9'),(590,'Javier Alejandro','Azocar Nuñez','Central - Valparaiso','Prevencion de Riesgos Industriales','14.002.422-8'),(589,'Alexis Ulises','Abarca Fuentealba','Central - Valparaiso','Comercio Exterior','10.064.496-7'),(588,'Eduardo Andres','olivares Guzman','Central - Valparaiso','Prevencion de Riesgos Industriales','14.535.579-6'),(587,'Daniel Alberto','Arias Villegas','Central - Valparaiso','Prevencion de Riesgos Industriales','13.023.431-3'),(586,'Sebastian Alejandro','de la Rivera Quezada','Central - Valparaiso','Prevencion de Riesgos Industriales','17.203.182-k'),(585,'Edgardo Patricio','Novoa Caceres','Central - Valparaiso','Prevencion de Riesgos Industriales','13.543.510-4'),(584,'Raul Esteban','Alcayaga Candia','Central - Valparaiso','Prevencion de Riesgos Industriales','16.573.255-3'),(583,'Duany Corina','Morales Cabrera','Central - Valparaiso','Prevencion de Riesgos Industriales','14.296.427-9'),(582,'Marcela Alejandra','Muñoz Peña','Central - Valparaiso','Prevencion de Riesgos Industriales','12.449.113-4'),(581,'Mauricio Andres','Silva Lira','Central - Valparaiso','Prevencion de Riesgos Industriales','13.635.019-6'),(580,'Camila Beatriz','Calderon Villaroel','Central - Valparaiso','Asistente Juridico','16.665.208-1'),(579,'Jose Amador','Silva Cuevas','Central - Valparaiso','Logistica ','15.092.845-1'),(578,'Jafhada Andrea','Carrasco Cortez','Central - Valparaiso','Servicios Turisticos','19.654.384-8'),(577,'Gisela Andrea','Arellano Vera','Central - Valparaiso','Servicios Turisticos','13.133.757-4'),(576,'Cindy Fabiola','Saldivar Gonzalez','Central - Valparaiso','Comercio Exterior','17.160.728-0'),(575,'Juan Marcelo','Bravo Mella','Central - Valparaiso','Transporte','12.955.269-7'),(574,'Esteban Andre','Cardenas Beiza','Central - Valparaiso','Transporte','17.343.626-2'),(573,'Alvaro Nicolas','Gonzalez Roblero','Central - Valparaiso','Transporte','15.752.402-k'),(572,'Gabriela Andrea','Castro Bravo','Central - Valparaiso','Transporte','15.949.986-3'),(571,'Romyna Gisella','Correa Quiñones','Central - Valparaiso','Transporte','16.486.095-7'),(570,'Manuel Benjamin','Robledo Cofre','Central - Valparaiso','Logistica','12.601.964-5'),(569,'Claudia Pamela','Martinez Carvajal','Central - Valparaiso','Logistica','16.665.028-3'),(568,'Andres Javier','Aguilar Correa','Central - Valparaiso','Transporte','13.023.644-8'),(567,'Cristian Alejandro','Jimenez Gomez','Central - Valparaiso','Comercio Exterior','16.886.959-2'),(566,'Renato Alberto','Jimenez Lizama','Central - Valparaiso','Comercio Exterior','12.453.534-4'),(565,'Carolina Alexandra','Sanchez Escudero','Central - Valparaiso','Comercio Exterior','16.968.404-9'),(564,'Ninoska Alejandra','Sanchez Arancibia','Central - Valparaiso','Comercio Exterior','16.678.094-2'),(563,'Cesar Antonino','Gitierrez Reyes','Central - Valparaiso','Servicios Turisticos','16.662.630-7'),(562,'Johanna Madina','Velasco','Central - Valparaiso','Servicios Turisticos','12.156.984-1'),(561,'Karen Lorena','Moran Cisternas','Central - Valparaiso','Servicios Turisticos','14.476.948-1'),(560,'Jaime Julio','Montenegro Arancibia','Central - Valparaiso','Construccion','10.904.194-7'),(559,'Marcela Jaqueline','Fernandez Fernandez','Central - Valparaiso','Prevencion de Riesgos Industriales','15.489.828-k'),(558,'Patricio Alejandro','Barraza Santibañez','Central - Valparaiso','Servicios Turisticos','13.878.915-2'),(557,'Katherine Nicole','VIdal Pasmiño','Central - Valparaiso','Servicios Turisticos','15.950.184-1'),(556,'Ricardo Andres','Delgado Castillo','Central - Valparaiso','Logistica','13.132.823-0'),(555,'Sergio Javier','Lopez Rubio','Central - Valparaiso','Logistica','14.049.203-5'),(554,'Elizabeth Salome','Neira ortega','Central - Valparaiso','Servicios Turisticos','13.997.986-9'),(553,'Claudio Patricio','Ponce Zamorano','Central - Valparaiso','Servicios Turisticos','13.229.519-0'),(552,'Joao Daniel','olivares Alvarado','Central - Valparaiso','Electricidad','16.775.685-9'),(551,'Claudia Marcela','Hernandez Saavedra','La Calera','Prevenciòn de Riesgos Industriales','11.193.626-9'),(531,'Pedro Francisco','Muñoz Tapia','Central - Valparaiso','Gestion de Negocios','9.223.245-4'),(530,'Paola Andrea','orozco Castillo','Central - Valparaiso','Gestion de Negocios','12.449.303-k'),(529,'Claudio Esteban','Pedredos Gatica','Central - Valparaiso','Gestion de Negocios','15.079.531-1'),(528,'Maria Fernanda','Vera olguin','Central - Valparaiso','Gestion de Negocios','12.718.941-2'),(527,'octavio Alejandro','Zuñiga Barrza','Central - Valparaiso','Gestion de Negocios','15.828.556-8'),(526,'Giovanna Susana','Araya Arancibia','Central - Valparaiso','Gestion de Negocios','12.453.470-4'),(525,'Albert Ronnie ','Campos Barraza','Central - Valparaiso','Gestion de Negocios','14.385.501-5'),(524,'Berta Elena','Castillo Neira','Central - Valparaiso','Gestion de Negocios','14.525.742-5'),(523,'Rodrigo Ignacio','Duffourc Cabrera','Central - Valparaiso','Gestion de Negocios','16.636.514-7'),(522,'Mauricio Andres','Soto Villalobos','Central - Valparaiso','Gestion de Negocios','16.968.250-k'),(521,'Sofia Eugenia ','Canessa Vargas','Central - Valparaiso','Gestion de Negocios','16.353.837-7'),(520,'Raquel del Carmen','olave Peñaloza','Central - Valparaiso','Gestion de Negocios','17.476.424-7'),(519,'Gabriel Enrique','Reyes Paredes','Central - Valparaiso','Gestion de Negocios','10.853.418-4'),(518,'Julian Andres','Baeza Lopez','Central - Valparaiso','Gestion de Negocios','12.449.936-4'),(517,'Alejandro Javier','Borroni Neira','Central - Valparaiso','Gestion de Negocios','14.412.531-2'),(516,'Yessenia Alexandra','Fuentealba Huarache','Central - Valparaiso','Gestion de Negocios','17.792.627-2'),(515,'Patricio del Rosario','Ellique Araya','Central - Valparaiso','Gestion de Negocios','8.060.359-2'),(514,'Tatiana Cecilia','olmos Chavez','Central - Valparaiso','Gestion de Negocios','12.957.532-8'),(513,'Joana Irma','Aedo Torres','Central - Valparaiso','Gestiòn de Negocios','13.997.403-4'),(512,'Gabriel Andres','Reyes Garrido','Central - Valparaiso','Gestion de Negocios','13.431.169-k'),(511,'Paula Katherine','Angulo Albornoz','Central - Valparaiso','Gestion de Negocios','15.534.751-1');
/*!40000 ALTER TABLE `data` ENABLE KEYS */;
UNLOCK TABLES;

--
-- Table structure for table `usuarios`
--

DROP TABLE IF EXISTS `usuarios`;
/*!40101 SET @saved_cs_client     = @@character_set_client */;
/*!40101 SET character_set_client = utf8 */;
CREATE TABLE `usuarios` (
  `id` int(11) NOT NULL AUTO_INCREMENT,
  `usuario` int(11) NOT NULL,
  `contrasena` varchar(255) DEFAULT NULL,
  `rol` varchar(11) NOT NULL,
  `nombre` varchar(45) DEFAULT NULL,
  `foto` varchar(255) DEFAULT NULL,
  PRIMARY KEY (`id`)
) ENGINE=InnoDB AUTO_INCREMENT=5 DEFAULT CHARSET=utf8;
/*!40101 SET character_set_client = @saved_cs_client */;

--
-- Dumping data for table `usuarios`
--

LOCK TABLES `usuarios` WRITE;
/*!40000 ALTER TABLE `usuarios` DISABLE KEYS */;
INSERT INTO `usuarios` VALUES (4,1234,'$2y$10$e55YXh0PH1wstDABjm6dvurh5FckU3ckGhupzU86So2hLLxpvpG4C','user','','');
/*!40000 ALTER TABLE `usuarios` ENABLE KEYS */;
UNLOCK TABLES;
/*!40103 SET TIME_ZONE=@OLD_TIME_ZONE */;

/*!40101 SET SQL_MODE=@OLD_SQL_MODE */;
/*!40014 SET FOREIGN_KEY_CHECKS=@OLD_FOREIGN_KEY_CHECKS */;
/*!40014 SET UNIQUE_CHECKS=@OLD_UNIQUE_CHECKS */;
/*!40101 SET CHARACTER_SET_CLIENT=@OLD_CHARACTER_SET_CLIENT */;
/*!40101 SET CHARACTER_SET_RESULTS=@OLD_CHARACTER_SET_RESULTS */;
/*!40101 SET COLLATION_CONNECTION=@OLD_COLLATION_CONNECTION */;
/*!40111 SET SQL_NOTES=@OLD_SQL_NOTES */;

-- Dump completed on 2022-06-29 16:13:17
